url,year,title,author,date,file_path
https://www.federalreserve.gov/newsevents/speech/files/powell20170107a.pdf,2017,Low Interest Rates and the Financial System,Governor Jerome H. Powell,2017-01-07,2017\Low Interest Rates and the Financial System_2017.pdf
https://www.federalreserve.gov/newsevents/speech/files/brainard20170117a.pdf,2017,Monetary Policy in a Time of Uncertainty,Governor Lael Brainard,2017-01-17,2017\Monetary Policy in a Time of Uncertainty_2017.pdf
https://www.federalreserve.gov/newsevents/speech/files/yellen20170118a.pdf,2017,The Goals of Monetary Policy and How We Pursue Them,Chair Janet L. Yellen,2017-01-18,2017\The Goals of Monetary Policy and How We Pursue The_2017.pdf
https://www.federalreserve.gov/newsevents/speech/files/yellen20170119a.pdf,2017,The Economic Outlook and the Conduct of Monetary Policy,Chair Janet L. Yellen,2017-01-19,2017\The Economic Outlook and the Conduct of Monetary P_2017.pdf
https://www.federalreserve.gov/newsevents/speech/files/fischer20170211a.pdf,2017,"""I'd Rather Have Bob Solow Than an Econometric Model, But ...""",Vice Chairman Stanley Fischer,2017-02-11,2017\I'd Rather Have Bob Solow Than an Econometric Mode_2017.pdf
https://www.federalreserve.gov/newsevents/speech/files/powell20170222a.pdf,2017,The Economic Outlook and Monetary Policy,Governor Jerome H. Powell,2017-02-22,2017\The Economic Outlook and Monetary Policy_2017.pdf
https://www.federalreserve.gov/newsevents/speech/files/brainard20170301a.pdf,2017,Transitions in the Outlook and Monetary Policy,Governor Lael Brainard,2017-03-01,2017\Transitions in the Outlook and Monetary Policy_2017.pdf
https://www.federalreserve.gov/newsevents/speech/files/yellen20170303a.pdf,2017,From Adding Accommodation to Scaling It Back,Chair Janet L. Yellen,2017-03-03,2017\From Adding Accommodation to Scaling It Back_2017.pdf
https://www.federalreserve.gov/newsevents/speech/files/powell20170328a.pdf,2017,America's Central Bank: The History and Structure of the Federal Reserve,Governor Jerome H. Powell,2017-03-28,2017\America's Central Bank The History and Structure o_2017.pdf
https://www.federalreserve.gov/newsevents/speech/files/yellen20170328a.pdf,2017,Addressing Workforce Development Challenges in Low-Income Communities,Chair Janet L. Yellen,2017-03-28,2017\Addressing Workforce Development Challenges in Low_2017.pdf
https://www.federalreserve.gov/newsevents/speech/files/tarullo20170404a.pdf,2017,Departing Thoughts,Governor Daniel K. Tarullo,2017-04-04,2017\Departing Thoughts_2017.pdf
https://www.federalreserve.gov/newsevents/speech/files/fischer20170417a.pdf,2017,Monetary Policy Expectations and Surprises,Vice Chairman Stanley Fischer,2017-04-17,2017\Monetary Policy Expectations and Surprises_2017.pdf
https://www.federalreserve.gov/newsevents/speech/files/fischer20170419a.pdf,2017,International Effects of Recent Policy Tightening,Vice Chairman Stanley Fischer,2017-04-19,2017\International Effects of Recent Policy Tightening_2017.pdf
https://www.federalreserve.gov/newsevents/speech/files/powell20170420a.pdf,2017,Brief Remarks,Governor Jerome H. Powell,2017-04-20,2017\Brief Remarks_2017.pdf
https://www.federalreserve.gov/newsevents/speech/files/brainard20170428a.pdf,2017,Where Do Banks Fit in the Fintech Stack?,Governor Lael Brainard,2017-04-28,2017\Where Do Banks Fit in the Fintech Stack_2017.pdf
https://www.federalreserve.gov/newsevents/speech/files/yellen20170505a.pdf,2017,So We All Can Succeed: 125 Years of Women's Participation in the Economy,Chair Janet L. Yellen,2017-05-05,2017\So We All Can Succeed 125 Years of Women's Partici_2017.pdf
https://www.federalreserve.gov/newsevents/speech/files/fischer20170505a.pdf,2017,Committee Decisions and Monetary Policy Rules,Vice Chairman Stanley Fischer,2017-05-05,2017\Committee Decisions and Monetary Policy Rules_2017.pdf
https://www.federalreserve.gov/newsevents/speech/files/brainard20170522a.pdf,2017,Why Opportunity and Inclusion Matter to America’s Economic Strength,Governor Lael Brainard,2017-05-22,2017\Why Opportunity and Inclusion Matter to America’s _2017.pdf
https://www.federalreserve.gov/newsevents/speech/files/brainard20170530a.pdf,2017,Navigating the Different Signals from Inflation and Unemployment,Governor Lael Brainard,2017-05-30,2017\Navigating the Different Signals from Inflation an_2017.pdf
https://www.federalreserve.gov/newsevents/speech/files/powell20170601a.pdf,2017,Thoughts on the Normalization of Monetary Policy,Governor Jerome H. Powell,2017-06-01,2017\Thoughts on the Normalization of Monetary Policy_2017.pdf
https://www.federalreserve.gov/newsevents/speech/files/fischer20170620a.pdf,2017,Housing and Financial Stability,Vice Chairman Stanley Fischer,2017-06-20,2017\Housing and Financial Stability_2017.pdf
https://www.federalreserve.gov/newsevents/speech/files/powell20170623a.pdf,2017,Central Clearing and Liquidity,Governor Jerome H. Powell,2017-06-23,2017\Central Clearing and Liquidity_2017.pdf
https://www.federalreserve.gov/newsevents/speech/files/powell20170626a.pdf,2017,Remarks,Governor Jerome H. Powell,2017-06-26,2017\Remarks_2017.pdf
https://www.federalreserve.gov/newsevents/speech/files/fischer20170627a.pdf,2017,An Assessment of Financial Stability in the United States,Vice Chairman Stanley Fischer,2017-06-27,2017\An Assessment of Financial Stability in the United_2017.pdf
https://www.federalreserve.gov/newsevents/speech/files/fischer20170706a.pdf,2017,Government Policy and Labor Productivity,Vice Chairman Stanley Fischer,2017-07-06,2017\Government Policy and Labor Productivity_2017.pdf
https://www.federalreserve.gov/newsevents/speech/files/powell20170706a.pdf,2017,The Case for Housing Finance Reform,Governor Jerome H. Powell,2017-07-06,2017\The Case for Housing Finance Reform_2017.pdf
https://www.federalreserve.gov/newsevents/speech/files/brainard20170713a.pdf,2017,Cross-Border Spillovers of Balance Sheet Normalization,Governor Lael Brainard,2017-07-13,2017\Cross-Border Spillovers of Balance Sheet Normaliza_2017.pdf
https://www.federalreserve.gov/newsevents/speech/files/brainard20170728a.pdf,2017,Strengthening Diversity in Economics,Governor Lael Brainard,2017-07-28,2017\Strengthening Diversity in Economics_2017.pdf
https://www.federalreserve.gov/newsevents/speech/files/fischer20170731a.pdf,2017,The Low Level of Global Real Interest Rates,Vice Chairman Stanley Fischer,2017-07-31,2017\The Low Level of Global Real Interest Rates_2017.pdf
https://www.federalreserve.gov/newsevents/speech/files/yellen20170825a.pdf,2017,Financial Stability a Decade after the Onset of the Crisis,Chair Janet L. Yellen,2017-08-25,2017\Financial Stability a Decade after the Onset of th_2017.pdf
https://www.federalreserve.gov/newsevents/speech/files/powell20170830a.pdf,2017,The Role of Boards at Large Financial Firms,Governor Jerome H. Powell,2017-08-30,2017\The Role of Boards at Large Financial Firms_2017.pdf
https://www.federalreserve.gov/newsevents/speech/files/brainard20170905a.pdf,2017,Understanding the Disconnect between Employment and Inflation with a Low Neutral Rate,Governor Lael Brainard,2017-09-05,2017\Understanding the Disconnect between Employment an_2017.pdf
https://www.federalreserve.gov/newsevents/speech/files/yellen20170926a.pdf,2017,"Inflation, Uncertainty, and Monetary Policy",Chair Janet L. Yellen,2017-09-26,"2017\Inflation, Uncertainty, and Monetary Policy_2017.pdf"
https://www.federalreserve.gov/newsevents/speech/files/brainard20170926a.pdf,2017,Why Persistent Employment Disparities Matter for the Economy's Health,Governor Lael Brainard,2017-09-26,2017\Why Persistent Employment Disparities Matter for t_2017.pdf
https://www.federalreserve.gov/newsevents/speech/files/brainard20170927a.pdf,2017,Labor Market Disparities and Economic Performance,Governor Lael Brainard,2017-09-27,2017\Labor Market Disparities and Economic Performance_2017.pdf
https://www.federalreserve.gov/newsevents/speech/files/yellen20171004a.pdf,2017,Welcoming Remarks,Chair Janet L. Yellen,2017-10-04,2017\Welcoming Remarks_2017.pdf
https://www.federalreserve.gov/newsevents/speech/files/powell20171005a.pdf,2017,Treasury Markets and the TMPG,Governor Jerome H. Powell,2017-10-05,2017\Treasury Markets and the TMPG_2017.pdf
https://www.federalreserve.gov/newsevents/speech/files/powell20171012a.pdf,2017,Prospects for Emerging Market Economies in a Normalizing Global Economy,Governor Jerome H. Powell,2017-10-12,2017\Prospects for Emerging Market Economies in a Norma_2017.pdf
https://www.federalreserve.gov/newsevents/speech/files/brainard20171012a.pdf,2017,Rethinking Monetary Policy in a New Normal,Governor Lael Brainard,2017-10-12,2017\Rethinking Monetary Policy in a New Normal_2017.pdf
https://www.federalreserve.gov/newsevents/speech/files/yellen20171015a.pdf,2017,The U.S. Economy and Monetary Policy,Chair Janet L. Yellen,2017-10-15,2017\The U.S. Economy and Monetary Policy_2017.pdf
https://www.federalreserve.gov/newsevents/speech/files/powell20171018a.pdf,2017,Financial Innovation: A World in Transition,Governor Jerome H. Powell,2017-10-18,2017\Financial Innovation A World in Transition_2017.pdf
https://www.federalreserve.gov/newsevents/speech/files/yellen20171020a.pdf,2017,A Challenging Decade and a Question for the Future,Chair Janet L. Yellen,2017-10-20,2017\A Challenging Decade and a Question for the Future_2017.pdf
https://www.federalreserve.gov/newsevents/speech/files/powell20171102a.pdf,2017,Introductory Remarks,Governor Jerome H. Powell,2017-11-02,2017\Introductory Remarks_2017.pdf
https://www.federalreserve.gov/newsevents/speech/files/yellen20171107a.pdf,2017,Remarks accepting the 2017 Paul H. Douglas Award for Ethics in Government,Chair Janet L. Yellen,2017-11-07,2017\Remarks accepting the 2017 Paul H. Douglas Award f_2017.pdf
https://www.federalreserve.gov/newsevents/speech/files/brainard20171115a.pdf,2017,Regional Food Systems and Community Development,Governor Lael Brainard,2017-11-15,2017\Regional Food Systems and Community Development_2017.pdf
https://www.federalreserve.gov/newsevents/speech/files/brainard20171116a.pdf,2017,Where Do Consumers Fit in the Fintech Stack?,Governor Lael Brainard,2017-11-16,2017\Where Do Consumers Fit in the Fintech Stack_2017.pdf
https://www.federalreserve.gov/newsevents/speech/files/quarles20171130a.pdf,2017,Thoughts on Prudent Innovation in the Payment System,Vice Chairman for Supervision Randal K. Quarles,2017-11-30,2017\Thoughts on Prudent Innovation in the Payment Syst_2017.pdf
https://www.federalreserve.gov/newsevents/speech/files/brainard20171213a.pdf,2017,Workforce Development in Today's Economy,Governor Lael Brainard,2017-12-13,2017\Workforce Development in Today's Economy_2017.pdf
https://www.federalreserve.gov/newsevents/speech/files/quarles20180119a.pdf,2018,Early Observations on Improving the Effectiveness of Post-Crisis Regulation,Vice Chairman for Supervision Randal K. Quarles,2018-01-19,2018\Early Observations on Improving the Effectiveness _2018.pdf
https://www.federalreserve.gov/newsevents/speech/files/powell20180213a.pdf,2018,Remarks at the Ceremonial Swearing-in,Chairman Jerome H. Powell,2018-02-13,2018\Remarks at the Ceremonial Swearing-in_2018.pdf
https://www.federalreserve.gov/newsevents/speech/files/quarles20180222a.pdf,2018,The U.S. Economy after the Global Financial Crisis,Vice Chairman for Supervision Randal K. Quarles,2018-02-22,2018\The U.S. Economy after the Global Financial Crisis_2018.pdf
https://www.federalreserve.gov/newsevents/speech/files/quarles20180226b.pdf,2018,Brief Thoughts on the Financial Regulatory System and Cybersecurity,Vice Chairman for Supervision Randal K. Quarles,2018-02-26,2018\Brief Thoughts on the Financial Regulatory System _2018.pdf
https://www.federalreserve.gov/newsevents/speech/files/quarles20180226a.pdf,2018,An Assessment of the U.S. Economy,Vice Chairman for Supervision Randal K. Quarles,2018-02-26,2018\An Assessment of the U.S. Economy_2018.pdf
https://www.federalreserve.gov/newsevents/speech/files/quarles20180305a.pdf,2018,The Federal Reserve’s Regulatory Agenda for Foreign Banking Organizations: What Lies Ahead for Enhanced Prudential Standards and the Volcker Rule,Vice Chairman for Supervision Randal K. Quarles,2018-03-05,2018\The Federal Reserve’s Regulatory Agenda for Foreig_2018.pdf
https://www.federalreserve.gov/newsevents/speech/files/brainard20180306a.pdf,2018,Navigating Monetary Policy as Headwinds Shift to Tailwinds,Governor Lael Brainard,2018-03-06,2018\Navigating Monetary Policy as Headwinds Shift to T_2018.pdf
https://www.federalreserve.gov/newsevents/speech/files/quarles20180326a.pdf,2018,The Roles of Consumer Protection and Small Business Access to Credit in Financial Inclusion,Vice Chairman for Supervision Randal K. Quarles,2018-03-26,2018\The Roles of Consumer Protection and Small Busines_2018.pdf
https://www.federalreserve.gov/newsevents/speech/files/brainard20180403a.pdf,2018,An Update on the Federal Reserve's Financial Stability Agenda,Governor Lael Brainard,2018-04-03,2018\An Update on the Federal Reserve's Financial Stabi_2018.pdf
https://www.federalreserve.gov/newsevents/speech/files/powell20180406a.pdf,2018,The Outlook for the U.S. Economy,Chairman Jerome H. Powell,2018-04-06,2018\The Outlook for the U.S. Economy_2018.pdf
https://www.federalreserve.gov/newsevents/speech/files/brainard20180417a.pdf,2018,Community Development in Baltimore and A Few Observations on Community Reinvestment Act Modernization,Governor Lael Brainard,2018-04-17,2018\Community Development in Baltimore and A Few Obser_2018.pdf
https://www.federalreserve.gov/newsevents/speech/files/brainard20180419a.pdf,2018,Safeguarding Financial Resilience through the Cycle,Governor Lael Brainard,2018-04-19,2018\Safeguarding Financial Resilience through the Cycl_2018.pdf
https://www.federalreserve.gov/newsevents/speech/files/powell20180508a.pdf,2018,Monetary Policy Influences on Global Financial Conditions and International Capital Flows,Chairman Jerome H. Powell,2018-05-08,2018\Monetary Policy Influences on Global Financial Con_2018.pdf
https://www.federalreserve.gov/newsevents/speech/files/brainard20180515a.pdf,2018,"Cryptocurrencies, Digital Currencies, and Distributed Ledger Technologies: What Are We Learning?",Governor Lael Brainard,2018-05-15,"2018\Cryptocurrencies, Digital Currencies, and Distribu_2018.pdf"
https://www.federalreserve.gov/newsevents/speech/files/quarles20180516a.pdf,2018,Trust Everyone--But Brand Your Cattle: Finding the Right Balance in Cross-Border Resolution,Vice Chairman for Supervision Randal K. Quarles,2018-05-16,2018\Trust Everyone--But Brand Your Cattle Finding the _2018.pdf
https://www.federalreserve.gov/newsevents/speech/files/brainard20180518a.pdf,2018,Keeping Community at the Heart of the Community Reinvestment Act,Governor Lael Brainard,2018-05-18,2018\Keeping Community at the Heart of the Community Re_2018.pdf
https://www.federalreserve.gov/newsevents/speech/files/powell20180525a.pdf,2018,Financial Stability and Central Bank Transparency,Chairman Jerome H. Powell,2018-05-25,2018\Financial Stability and Central Bank Transparency_2018.pdf
https://www.federalreserve.gov/newsevents/speech/files/brainard20180531a.pdf,2018,Sustaining Full Employment and Inflation around Target,Governor Lael Brainard,2018-05-31,2018\Sustaining Full Employment and Inflation around Ta_2018.pdf
https://www.federalreserve.gov/newsevents/speech/files/quarles20180627a.pdf,2018,America's Vital Interest in Global Efforts to Promote Financial Stability,Vice Chairman for Supervision Randal K. Quarles,2018-06-27,2018\America's Vital Interest in Global Efforts to Prom_2018.pdf
https://www.federalreserve.gov/newsevents/speech/files/quarles20180718a.pdf,2018,Getting It Right: Factors for Tailoring Supervision and Regulation of Large Financial Institutions,Vice Chairman for Supervision Randal K. Quarles,2018-07-18,2018\Getting It Right Factors for Tailoring Supervision_2018.pdf
https://www.federalreserve.gov/newsevents/speech/files/powell20180824a.pdf,2018,Monetary Policy in a Changing Economy,Chairman Jerome H. Powell,2018-08-24,2018\Monetary Policy in a Changing Economy_2018.pdf
https://www.federalreserve.gov/newsevents/speech/files/brainard20180912a.pdf,2018,What Do We Mean by Neutral and What Role Does It Play in Monetary Policy?,Governor Lael Brainard,2018-09-12,2018\What Do We Mean by Neutral and What Role Does It P_2018.pdf
https://www.federalreserve.gov/newsevents/speech/files/powell20180927a.pdf,2018,Brief Remarks on the U.S. Economy,Chairman Jerome H. Powell,2018-09-27,2018\Brief Remarks on the U.S. Economy_2018.pdf
https://www.federalreserve.gov/newsevents/speech/files/powell20181002a.pdf,2018,Monetary Policy and Risk Management at a Time of Low Inflation and Low Unemployment,Chairman Jerome H. Powell,2018-10-02,2018\Monetary Policy and Risk Management at a Time of L_2018.pdf
https://www.federalreserve.gov/newsevents/speech/files/brainard20181003a.pdf,2018,Supporting Fast Payments for All,Governor Lael Brainard,2018-10-03,2018\Supporting Fast Payments for All_2018.pdf
https://www.federalreserve.gov/newsevents/speech/files/quarles20181004a.pdf,2018,Trends in Urban and Rural Community Banks,Vice Chairman for Supervision Randal K. Quarles,2018-10-04,2018\Trends in Urban and Rural Community Banks_2018.pdf
https://www.federalreserve.gov/newsevents/speech/files/brainard20181015a.pdf,2018,Community Investment in Denver,Governor Lael Brainard,2018-10-15,2018\Community Investment in Denver_2018.pdf
https://www.federalreserve.gov/newsevents/speech/files/brainard20181017a.pdf,2018,FinTech and the Search for Full Stack Financial Inclusion,Governor Lael Brainard,2018-10-17,2018\FinTech and the Search for Full Stack Financial In_2018.pdf
https://www.federalreserve.gov/newsevents/speech/files/quarles20181018a.pdf,2018,Don’t Chase the Needles: An Optimistic Assessment of the Economic Outlook and Monetary Policy,Vice Chairman for Supervision Randal K. Quarles,2018-10-18,2018\Don’t Chase the Needles An Optimistic Assessment o_2018.pdf
https://www.federalreserve.gov/newsevents/speech/files/clarida20181025a.pdf,2018,Outlook for the U.S. Economy and Monetary Policy,Vice Chairman Richard H. Clarida,2018-10-25,2018\Outlook for the U.S. Economy and Monetary Policy_2018.pdf
https://www.federalreserve.gov/newsevents/speech/files/quarles20181109a.pdf,2018,A New Chapter in Stress Testing,Vice Chairman for Supervision Randal K. Quarles,2018-11-09,2018\A New Chapter in Stress Testing_2018.pdf
https://www.federalreserve.gov/newsevents/speech/files/brainard20181113a.pdf,2018,What Are We Learning about Artificial Intelligence in Financial Services?,Governor Lael Brainard,2018-11-13,2018\What Are We Learning about Artificial Intelligence_2018.pdf
https://www.federalreserve.gov/newsevents/speech/files/quarles20181116a.pdf,2018,Beginning Stress Testing’s New Chapter,Vice Chairman for Supervision Randal K. Quarles,2018-11-16,2018\Beginning Stress Testing’s New Chapter_2018.pdf
https://www.federalreserve.gov/newsevents/speech/files/clarida20181127a.pdf,2018,Data Dependence and U.S. Monetary Policy,Vice Chairman Richard H. Clarida,2018-11-27,2018\Data Dependence and U.S. Monetary Policy_2018.pdf
https://www.federalreserve.gov/newsevents/speech/files/powell20181128a.pdf,2018,The Federal Reserve's Framework for Monitoring Financial Stability,Chairman Jerome H. Powell,2018-11-28,2018\The Federal Reserve's Framework for Monitoring Fin_2018.pdf
https://www.federalreserve.gov/newsevents/speech/files/powell20181203a.pdf,2018,Celebrating Excellence in Community Development,Chairman Jerome H. Powell,2018-12-03,2018\Celebrating Excellence in Community Development_2018.pdf
https://www.federalreserve.gov/newsevents/speech/files/brainard20181203a.pdf,2018,The Structure of the Treasury Market:  What Are We Learning?,Governor Lael Brainard,2018-12-03,2018\The Structure of the Treasury Market  What Are We _2018.pdf
https://www.federalreserve.gov/newsevents/speech/files/quarles20181205a.pdf,2018,Banks as Vital Infrastructure for Rural Communities of the West,Vice Chairman for Supervision Randal K. Quarles,2018-12-05,2018\Banks as Vital Infrastructure for Rural Communitie_2018.pdf
https://www.federalreserve.gov/newsevents/speech/files/brainard20181207a.pdf,2018,Assessing Financial Stability over the Cycle,Governor Lael Brainard,2018-12-07,2018\Assessing Financial Stability over the Cycle_2018.pdf
https://www.federalreserve.gov/newsevents/speech/files/quarles20190109a.pdf,2019,Insurance Supervision and International Engagement,Vice Chairman for Supervision Randal K. Quarles,2019-01-09,2019\Insurance Supervision and International Engagement_2019.pdf
https://www.federalreserve.gov/newsevents/speech/files/clarida20190110a.pdf,2019,Monetary Policy Outlook for 2019,Vice Chairman Richard H. Clarida,2019-01-10,2019\Monetary Policy Outlook for 2019_2019.pdf
https://www.federalreserve.gov/newsevents/speech/files/brainard20190201a.pdf,2019,Strengthening the Community Reinvestment Act: What Are We Learning?,Governor Lael Brainard,2019-02-01,2019\Strengthening the Community Reinvestment Act What _2019.pdf
https://www.federalreserve.gov/newsevents/speech/files/quarles20190206a.pdf,2019,Inviting Participation: The Public's Role in Stress Testing's Next Chapter,Vice Chairman for Supervision Randal K. Quarles,2019-02-06,2019\Inviting Participation The Public's Role in Stress_2019.pdf
https://www.federalreserve.gov/newsevents/speech/files/quarles20190210a.pdf,2019,Ideas of Order: Charting a Course for the Financial Stability Board,Vice Chairman for Supervision and Chair of the Financial Stability Board Randal K. Quarles,2019-02-10,2019\Ideas of Order Charting a Course for the Financial_2019.pdf
https://www.federalreserve.gov/newsevents/speech/files/bowman20190211a.pdf,2019,A Conversation on Community Banking,Governor Michelle W. Bowman,2019-02-11,2019\A Conversation on Community Banking_2019.pdf
https://www.federalreserve.gov/newsevents/speech/files/powell20190212a.pdf,2019,Encouraging Economic Development in High-Poverty Rural Communities,Chairman Jerome H. Powell,2019-02-12,2019\Encouraging Economic Development in High-Poverty R_2019.pdf
https://www.federalreserve.gov/newsevents/speech/files/quarles20190222a.pdf,2019,The Future of the Federal Reserve's Balance Sheet,Vice Chairman for Supervision Randal K. Quarles,2019-02-22,2019\The Future of the Federal Reserve's Balance Sheet_2019.pdf
https://www.federalreserve.gov/newsevents/speech/files/brainard20190223a.pdf,2019,Is Economics for Me? Increasing the Participation of Black Women in Economics,Governor Lael Brainard,2019-02-23,2019\Is Economics for Me Increasing the Participation o_2019.pdf
https://www.federalreserve.gov/newsevents/speech/files/brainard20190307a.pdf,2019,Navigating Cautiously,Governor Lael Brainard,2019-03-07,2019\Navigating Cautiously_2019.pdf
https://www.federalreserve.gov/newsevents/speech/files/powell20190308a.pdf,2019,Monetary Policy: Normalization and the Road Ahead,Chair Jerome H. Powell,2019-03-08,2019\Monetary Policy Normalization and the Road Ahead_2019.pdf
https://www.federalreserve.gov/newsevents/speech/files/brainard20190312a.pdf,2019,The Community Reinvestment Act: How Can We Preserve What Works and Make it Better?,Governor Lael Brainard,2019-03-12,2019\The Community Reinvestment Act How Can We Preserve_2019.pdf
https://www.federalreserve.gov/newsevents/speech/files/bowman20190328a.pdf,2019,Agriculture and Community Banking,Governor Michelle W. Bowman,2019-03-28,2019\Agriculture and Community Banking_2019.pdf
https://www.federalreserve.gov/newsevents/speech/files/clarida20190328a.pdf,2019,Global Shocks and the U.S. Economy,Vice Chair Richard H. Clarida,2019-03-28,2019\Global Shocks and the U.S. Economy_2019.pdf
https://www.federalreserve.gov/newsevents/speech/files/quarles20190328a.pdf,2019,The Financial Stability Board in 2019,Vice Chair for Supervision and Chair of the Financial Stability Board Randal K. Quarles,2019-03-28,2019\The Financial Stability Board in 2019_2019.pdf
https://www.federalreserve.gov/newsevents/speech/files/quarles20190329a.pdf,2019,Frameworks for the Countercyclical Capital Buffer,Vice Chair for Supervision Randal K. Quarles,2019-03-29,2019\Frameworks for the Countercyclical Capital Buffer_2019.pdf
https://www.federalreserve.gov/newsevents/speech/files/bowman20190402a.pdf,2019,Fostering Closer Supervisory Communication,Governor Michelle W. Bowman,2019-04-02,2019\Fostering Closer Supervisory Communication_2019.pdf
https://www.federalreserve.gov/newsevents/speech/files/quarles20190402a.pdf,2019,The Financial Stability Board: Beyond the Fog of Battle,Vice Chair for Supervision and Chair of the Financial Stability Board Randal K. Quarles,2019-04-02,2019\The Financial Stability Board Beyond the Fog of Ba_2019.pdf
https://www.federalreserve.gov/newsevents/speech/files/quarles20190410a.pdf,2019,Progress on the Transition to Risk-Free Rates,Vice Chair for Supervision and Chair of the Financial Stability Board Randal K. Quarles,2019-04-10,2019\Progress on the Transition to Risk-Free Rates_2019.pdf
https://www.federalreserve.gov/newsevents/speech/files/bowman20190411a.pdf,2019,Community Banking in the Age of Innovation,Governor Michelle W. Bowman,2019-04-11,2019\Community Banking in the Age of Innovation_2019.pdf
https://www.federalreserve.gov/newsevents/speech/files/clarida20190503a.pdf,2019,"Models, Markets, and Monetary Policy",Vice Chair Richard H. Clarida,2019-05-03,"2019\Models, Markets, and Monetary Policy_2019.pdf"
https://www.federalreserve.gov/newsevents/speech/files/brainard20190508a.pdf,2019,"""Fed Listens"" in Richmond: How Does Monetary Policy Affect Your Community?",Governor Lael Brainard,2019-05-08,2019\Fed Listens in Richmond How Does Monetary Policy A_2019.pdf
https://www.federalreserve.gov/newsevents/speech/files/brainard20190510a.pdf,2019,Is the Middle Class within Reach for Middle-Income Families?,Governor Lael Brainard,2019-05-10,2019\Is the Middle Class within Reach for Middle-Income_2019.pdf
https://www.federalreserve.gov/newsevents/speech/files/brainard20190516a.pdf,2019,The Disconnect between Inflation and Employment in the New Normal,Governor Lael Brainard,2019-05-16,2019\The Disconnect between Inflation and Employment in_2019.pdf
https://www.federalreserve.gov/newsevents/speech/files/powell20190520a.pdf,2019,Business Debt and Our Dynamic Financial System,Chair Jerome H. Powell,2019-05-20,2019\Business Debt and Our Dynamic Financial System_2019.pdf
https://www.federalreserve.gov/newsevents/speech/files/quarles20190530a.pdf,2019,Monetary Policy and Financial Stability,Vice Chair for Supervision Randal K. Quarles,2019-05-30,2019\Monetary Policy and Financial Stability_2019.pdf
https://www.federalreserve.gov/newsevents/speech/files/clarida20190530a.pdf,2019,Sustaining Maximum Employment and Price Stability,Vice Chair Richard H. Clarida,2019-05-30,2019\Sustaining Maximum Employment and Price Stability_2019.pdf
https://www.federalreserve.gov/newsevents/speech/files/quarles20190603a.pdf,2019,The Next Stage in the LIBOR Transition (via prerecorded video),Vice Chair for Supervision Randal K. Quarles,2019-06-03,2019\The Next Stage in the LIBOR Transition (via prerec_2019.pdf
https://www.federalreserve.gov/newsevents/speech/files/brainard20190621a.pdf,2019,Fed Listens in Cincinnati: How Does Monetary Policy Affect Your Community?,Governor Lael Brainard,2019-06-21,2019\Fed Listens in Cincinnati How Does Monetary Policy_2019.pdf
https://www.federalreserve.gov/newsevents/speech/files/powell20190625a1.pdf,2019,Economic Outlook and Monetary Policy Review,Chair Jerome H. Powell,2019-06-25,2019\Economic Outlook and Monetary Policy Review_2019.pdf
https://www.federalreserve.gov/newsevents/speech/files/bowman20190625a.pdf,2019,Minority Depository Institutions,Governor Michelle W. Bowman,2019-06-25,2019\Minority Depository Institutions_2019.pdf
https://www.federalreserve.gov/newsevents/speech/files/clarida20190701a.pdf,2019,"The Federal Reserve's Review of Its Monetary Policy Strategy, Tools, and Communication Practices",Vice Chair Richard H. Clarida,2019-07-01,2019\The Federal Reserve's Review of Its Monetary Polic_2019.pdf
https://www.federalreserve.gov/newsevents/speech/files/quarles20190709a.pdf,2019,Stress Testing: A Decade of Continuity and Change,Vice Chair for Supervision Randal K. Quarles,2019-07-09,2019\Stress Testing A Decade of Continuity and Change_2019.pdf
https://www.federalreserve.gov/newsevents/speech/files/powell20190709a.pdf,2019,Welcoming Remarks (via prerecorded video),Chair Jerome H. Powell,2019-07-09,2019\Welcoming Remarks (via prerecorded video)_2019.pdf
https://www.federalreserve.gov/newsevents/speech/files/brainard20190711a.pdf,2019,Perspectives on the Economy from Scranton,Governor Lael Brainard,2019-07-11,2019\Perspectives on the Economy from Scranton_2019.pdf
https://www.federalreserve.gov/newsevents/speech/files/powell20190716a.pdf,2019,Monetary Policy in the Post-Crisis Era,Chair Jerome H. Powell,2019-07-16,2019\Monetary Policy in the Post-Crisis Era_2019.pdf
https://www.federalreserve.gov/newsevents/speech/files/brainard20190805a.pdf,2019,Delivering Fast Payments for All,Governor Lael Brainard,2019-08-05,2019\Delivering Fast Payments for All_2019.pdf
https://www.federalreserve.gov/newsevents/speech/files/quarles20190820a.pdf,2019,A Decade of Building Stronger Communities,Vice Chair for Supervision Randal K. Quarles,2019-08-20,2019\A Decade of Building Stronger Communities_2019.pdf
https://www.federalreserve.gov/newsevents/speech/files/powell20190823a.pdf,2019,Challenges for Monetary Policy,Chair Jerome H. Powell,2019-08-23,2019\Challenges for Monetary Policy_2019.pdf
https://www.federalreserve.gov/newsevents/speech/files/quarles20190905a.pdf,2019,Refining the Stress Capital Buffer,Vice Chair for Supervision Randal K. Quarles,2019-09-05,2019\Refining the Stress Capital Buffer_2019.pdf
https://www.federalreserve.gov/newsevents/speech/files/quarles20190926a.pdf,2019,Government of Union: Achieving Certainty in Cross-Border Finance,Vice Chair for Supervision and Chair of the Financial Stability Board Randal K. Quarles,2019-09-26,2019\Government of Union Achieving Certainty in Cross-B_2019.pdf
https://www.federalreserve.gov/newsevents/speech/files/quarles20190927a.pdf,2019,Law and Macroeconomics: The Global Evolution of Macroprudential Regulation,Vice Chair for Supervision Randal K. Quarles,2019-09-27,2019\Law and Macroeconomics The Global Evolution of Mac_2019.pdf
https://www.federalreserve.gov/newsevents/speech/files/bowman20191001a.pdf,2019,Advancing Our Understanding of Community Banking,Governor Michelle W. Bowman,2019-10-01,2019\Advancing Our Understanding of Community Banking_2019.pdf
https://www.federalreserve.gov/newsevents/speech/files/quarles20191003a.pdf,2019,The Financial Stability Board at 10 Years—Looking Back and Looking Ahead,Vice Chair for Supervision and Chair of the Financial Stability Board Randal K. Quarles,2019-10-03,2019\The Financial Stability Board at 10 Years—Looking _2019.pdf
https://www.federalreserve.gov/newsevents/speech/files/powell20191008a.pdf,2019,Data-Dependent Monetary Policy in an Evolving Economy,Chair Jerome H. Powell,2019-10-08,2019\Data-Dependent Monetary Policy in an Evolving Econ_2019.pdf
https://www.federalreserve.gov/newsevents/speech/files/brainard20191016a.pdf,2019,"Digital Currencies, Stablecoins, and the Evolving Payments Landscape",Governor Lael Brainard,2019-10-16,"2019\Digital Currencies, Stablecoins, and the Evolving _2019.pdf"
https://www.federalreserve.gov/newsevents/speech/files/bowman20191017a.pdf,2019,Opening Remarks,Governor Michelle W. Bowman,2019-10-17,2019\Opening Remarks_2019.pdf
https://www.federalreserve.gov/newsevents/speech/files/clarida20191018a.pdf,2019,U.S. Economic Outlook and Monetary Policy,Vice Chair Richard H. Clarida,2019-10-18,2019\U.S. Economic Outlook and Monetary Policy_2019.pdf
https://www.federalreserve.gov/newsevents/speech/files/bowman20191021a.pdf,2019,Closing Remarks,Governor Michelle W. Bowman,2019-10-21,2019\Closing Remarks_2019.pdf
https://www.federalreserve.gov/newsevents/speech/files/clarida20191101a.pdf,2019,"The United States, Japan, and the Global Economy",Vice Chair Richard H. Clarida,2019-11-01,"2019\The United States, Japan, and the Global Economy_2019.pdf"
https://www.federalreserve.gov/newsevents/speech/files/quarles20191101a.pdf,2019,Friedrich Hayek and the Price System,Vice Chair for Supervision Randal K. Quarles,2019-11-01,2019\Friedrich Hayek and the Price System_2019.pdf
https://www.federalreserve.gov/newsevents/speech/files/brainard20191108a.pdf,2019,Why Climate Change Matters for Monetary Policy and Financial Stability,Governor Lael Brainard,2019-11-08,2019\Why Climate Change Matters for Monetary Policy and_2019.pdf
https://www.federalreserve.gov/newsevents/speech/files/clarida20191112a.pdf,2019,"Monetary Policy, Price Stability, and Equilibrium Bond Yields: Success and Consequences",Vice Chair Richard H. Clarida,2019-11-12,"2019\Monetary Policy, Price Stability, and Equilibrium _2019.pdf"
https://www.federalreserve.gov/newsevents/speech/files/clarida20191114a.pdf,2019,"The Federal Reserve’s Review of Its Monetary Policy Strategy, Tools, and Communication Practices",Vice Chair Richard H. Clarida,2019-11-14,2019\The Federal Reserve’s Review of Its Monetary Polic_2019.pdf
https://www.federalreserve.gov/newsevents/speech/files/quarles20191114a.pdf,2019,Brief Remarks (via pre-recorded video),Vice Chair for Supervision Randal K. Quarles,2019-11-14,2019\Brief Remarks (via pre-recorded video)_2019.pdf
https://www.federalreserve.gov/newsevents/speech/files/powell20191125a.pdf,2019,Building on the Gains from the Long Expansion,Chair Jerome H. Powell,2019-11-25,2019\Building on the Gains from the Long Expansion_2019.pdf
https://www.federalreserve.gov/newsevents/speech/files/brainard20191126a.pdf,2019,"Federal Reserve Review of Monetary Policy Strategy, Tools, and Communications: Some Preliminary Views",Governor Lael Brainard,2019-11-26,2019\Federal Reserve Review of Monetary Policy Strategy_2019.pdf
https://www.federalreserve.gov/newsevents/speech/files/brainard20191218a.pdf,2019,"Update on Digital Currencies, Stablecoins, and the Challenges Ahead",Governor Lael Brainard,2019-12-18,"2019\Update on Digital Currencies, Stablecoins, and the_2019.pdf"
https://www.federalreserve.gov/newsevents/speech/files/brainard20200108a.pdf,2020,Strengthening the Community Reinvestment Act by Staying True to Its Core Purpose,Governor Lael Brainard,2020-01-08,2020\Strengthening the Community Reinvestment Act by St_2020.pdf
https://www.federalreserve.gov/newsevents/speech/files/bowman20200116a.pdf,2020,The Outlook for Housing,Governor Michelle W. Bowman,2020-01-16,2020\The Outlook for Housing_2020.pdf
https://www.federalreserve.gov/newsevents/speech/files/quarles20200117a.pdf,2020,"Spontaneity and Order: Transparency, Accountability, and Fairness in Bank Supervision",Vice Chair for Supervision Randal K. Quarles,2020-01-17,"2020\Spontaneity and Order Transparency, Accountability_2020.pdf"
https://www.federalreserve.gov/newsevents/speech/files/brainard20200205a.pdf,2020,The Digitalization of Payments and Currency: Some Issues for Consideration,Governor Lael Brainard,2020-02-05,2020\The Digitalization of Payments and Currency Some I_2020.pdf
https://www.federalreserve.gov/newsevents/speech/files/quarles20200206a.pdf,2020,"The Economic Outlook, Monetary Policy, and the Demand for Reserves",Vice Chair for Supervision Randal K. Quarles,2020-02-06,"2020\The Economic Outlook, Monetary Policy, and the Dem_2020.pdf"
https://www.federalreserve.gov/newsevents/speech/files/quarles20200211a.pdf,2020,"Spontaneity and Order:  Transparency, Accountability, and Fairness in Bank Supervision",Vice Chair for Supervision Randal K. Quarles,2020-02-11,"2020\Spontaneity and Order  Transparency, Accountabilit_2020.pdf"
https://www.federalreserve.gov/newsevents/speech/files/clarida20200221a.pdf,2020,Financial Markets and Monetary Policy: Is There a Hall of Mirrors Problem?,Vice Chair Richard H. Clarida,2020-02-21,2020\Financial Markets and Monetary Policy Is There a H_2020.pdf
https://www.federalreserve.gov/newsevents/speech/files/brainard20200221a.pdf,2020,Monetary Policy Strategies and Tools When Inflation and Interest Rates Are Low,Governor Lael Brainard,2020-02-21,2020\Monetary Policy Strategies and Tools When Inflatio_2020.pdf
https://www.federalreserve.gov/newsevents/speech/files/bowman20200227a.pdf,2020,Direction of Supervision: Impact of Payment System Innovation on Community Banks,Governor Michelle W. Bowman,2020-02-27,2020\Direction of Supervision Impact of Payment System _2020.pdf
https://www.federalreserve.gov/newsevents/speech/files/powell20200409a.pdf,2020,COVID-19 and the Economy,Chair Jerome H. Powell,2020-04-09,2020\COVID-19 and the Economy_2020.pdf
https://www.federalreserve.gov/newsevents/speech/files/brainard20200505a.pdf,2020,Welcoming Remarks for Investment Connection – Response to COVID-19: Colorado,Governor Lael Brainard,2020-05-05,2020\Welcoming Remarks for Investment Connection – Resp_2020.pdf
https://www.federalreserve.gov/newsevents/speech/files/powell20200513a.pdf,2020,Current Economic Issues,Chair Jerome H. Powell,2020-05-13,2020\Current Economic Issues_2020.pdf
https://www.federalreserve.gov/newsevents/speech/files/brainard20200521a.pdf,2020,Introductory remarks for the Fed Listens panel on the COVID-19 pandemic,Governor Lael Brainard,2020-05-21,2020\Introductory remarks for the Fed Listens panel on _2020.pdf
https://www.federalreserve.gov/newsevents/speech/files/clarida20200616a.pdf,2020,U.S. Economic Outlook and Monetary Policy (via prerecorded video),Vice Chair Richard H. Clarida,2020-06-16,2020\U.S. Economic Outlook and Monetary Policy (via pre_2020.pdf
https://www.federalreserve.gov/newsevents/speech/files/powell20200619a.pdf,2020,Introductory Comments,Chair Jerome H. Powell,2020-06-19,2020\Introductory Comments_2020.pdf
https://www.federalreserve.gov/newsevents/speech/files/quarles20200619a.pdf,2020,The Adaptability of Stress Testing,Vice Chair for Supervision Randal K. Quarles,2020-06-19,2020\The Adaptability of Stress Testing_2020.pdf
https://www.federalreserve.gov/newsevents/speech/files/quarles20200707a.pdf,2020,Global in Life and Orderly in Death: Post-Crisis Reforms and the Too-Big-to-Fail Question,Vice Chair for Supervision and Chair of the Financial Stability Board Randal K. Quarles,2020-07-07,2020\Global in Life and Orderly in Death Post-Crisis Re_2020.pdf
https://www.federalreserve.gov/newsevents/speech/files/brainard20200714a.pdf,2020,Navigating Monetary Policy through the Fog of COVID,Governor Lael Brainard,2020-07-14,2020\Navigating Monetary Policy through the Fog of COVI_2020.pdf
https://www.federalreserve.gov/newsevents/speech/files/brainard20200806a.pdf,2020,The Future of Retail Payments in the United States,Governor Lael Brainard,2020-08-06,2020\The Future of Retail Payments in the United States_2020.pdf
https://www.federalreserve.gov/newsevents/speech/files/brainard20200813a.pdf,2020,An Update on Digital Currencies,Governor Lael Brainard,2020-08-13,2020\An Update on Digital Currencies_2020.pdf
https://www.federalreserve.gov/newsevents/speech/files/bowman20200826a.pdf,2020,The Pandemic’s Effect on the Economy and Banking,Governor Michelle W. Bowman,2020-08-26,2020\The Pandemic’s Effect on the Economy and Banking_2020.pdf
https://www.federalreserve.gov/newsevents/speech/files/powell20200827a.pdf,2020,New Economic Challenges and the Fed's Monetary Policy Review,Chair Jerome H. Powell,2020-08-27,2020\New Economic Challenges and the Fed's Monetary Pol_2020.pdf
https://www.federalreserve.gov/newsevents/speech/files/clarida20200831a.pdf,2020,The Federal Reserve’s New Monetary Policy Framework: A Robust Evolution,Vice Chair Richard H. Clarida,2020-08-31,2020\The Federal Reserve’s New Monetary Policy Framewor_2020.pdf
https://www.federalreserve.gov/newsevents/speech/files/brainard20200901a.pdf,2020,Bringing the Statement on Longer-Run Goals and Monetary Policy Strategy into Alignment with Longer-Run Changes in the Economy,Governor Lael Brainard,2020-09-01,2020\Bringing the Statement on Longer-Run Goals and Mon_2020.pdf
https://www.federalreserve.gov/newsevents/speech/files/brainard20200921a.pdf,2020,Strengthening the CRA to Meet the Challenges of Our Time,Governor Lael Brainard,2020-09-21,2020\Strengthening the CRA to Meet the Challenges of Ou_2020.pdf
https://www.federalreserve.gov/newsevents/speech/files/quarles20200923a.pdf,2020,Optimism in the Time of COVID,Vice Chair for Supervision Randal K. Quarles,2020-09-23,2020\Optimism in the Time of COVID_2020.pdf
https://www.federalreserve.gov/newsevents/speech/files/bowman20200930a.pdf,2020,Community Banks Rise to the Challenge,Governor Michelle W. Bowman,2020-09-30,2020\Community Banks Rise to the Challenge_2020.pdf
https://www.federalreserve.gov/newsevents/speech/files/bowman20201001a.pdf,2020,Mortgage Market Regulation and Access to Mortgage Credit,Governor Michelle W. Bowman,2020-10-01,2020\Mortgage Market Regulation and Access to Mortgage _2020.pdf
https://www.federalreserve.gov/newsevents/speech/files/brainard20201001a.pdf,2020,Modernizing and Strengthening CRA Regulations: Hearing from Community Banks,Governor Lael Brainard,2020-10-01,2020\Modernizing and Strengthening CRA Regulations Hear_2020.pdf
https://www.federalreserve.gov/newsevents/speech/files/powell20201006a.pdf,2020,Recent Economic Developments and the Challenges Ahead,Chair Jerome H. Powell,2020-10-06,2020\Recent Economic Developments and the Challenges Ah_2020.pdf
https://www.federalreserve.gov/newsevents/speech/files/quarles20201014a.pdf,2020,Remarks at the Hoover Institution,Vice Chair for Supervision Randal K. Quarles,2020-10-14,2020\Remarks at the Hoover Institution_2020.pdf
https://www.federalreserve.gov/newsevents/speech/files/quarles20201015a.pdf,2020,What Happened? What Have We Learned From It? Lessons from COVID-19 Stress on the Financial System,Vice Chair for Supervision Randal K. Quarles,2020-10-15,2020\What Happened What Have We Learned From It Lessons_2020.pdf
https://www.federalreserve.gov/newsevents/speech/files/clarida20201019a.pdf,2020,"U.S. Economic Outlook, Monetary Policy, and Initiatives to Sustain the Flow of Credit to Households and Firms",Vice Chair Richard H. Clarida,2020-10-19,"2020\U.S. Economic Outlook, Monetary Policy, and Initia_2020.pdf"
https://www.federalreserve.gov/newsevents/speech/files/quarles20201020a.pdf,2020,The Financial Stability Board’s Roadmap for Addressing NBFI Vulnerabilities,Vice Chair for Supervision Randal K. Quarles,2020-10-20,2020\The Financial Stability Board’s Roadmap for Addres_2020.pdf
https://www.federalreserve.gov/newsevents/speech/files/brainard20201021a.pdf,2020,Achieving a Broad-Based and Inclusive Recovery,Governor Lael Brainard,2020-10-21,2020\Achieving a Broad-Based and Inclusive Recovery_2020.pdf
https://www.federalreserve.gov/newsevents/speech/files/clarida20201116a.pdf,2020,The Federal Reserve's New Framework: Context and Consequences,Vice Chair Richard H. Clarida,2020-11-16,2020\The Federal Reserve's New Framework Context and Co_2020.pdf
https://www.federalreserve.gov/newsevents/speech/files/brainard20201117a.pdf,2020,Strengthening Diversity and Inclusion in Economics,Governor Lael Brainard,2020-11-17,2020\Strengthening Diversity and Inclusion in Economics_2020.pdf
https://www.federalreserve.gov/newsevents/speech/files/bowman20201119a.pdf,2020,The Changing Structure of Mortgage Markets and Financial Stability,Governor Michelle W. Bowman,2020-11-19,2020\The Changing Structure of Mortgage Markets and Fin_2020.pdf
https://www.federalreserve.gov/newsevents/speech/files/bowman20201204a.pdf,2020,Technology and the Regulatory Agenda for Community Banking,Governor Michelle W. Bowman,2020-12-04,2020\Technology and the Regulatory Agenda for Community_2020.pdf
https://www.federalreserve.gov/newsevents/speech/files/quarles20201211a.pdf,2020,The Eye of Providence: Thoughts on the Evolution of Bank Supervision,Vice Chair for Supervision Randal K. Quarles,2020-12-11,2020\The Eye of Providence Thoughts on the Evolution of_2020.pdf
https://www.federalreserve.gov/newsevents/speech/files/brainard20201217a.pdf,2020,Modernizing and Strengthening CRA Regulations: A Conversation with the  Consumer Bankers Association,Governor Lael Brainard,2020-12-17,2020\Modernizing and Strengthening CRA Regulations A Co_2020.pdf
https://www.federalreserve.gov/newsevents/speech/files/brainard20201218a.pdf,2020,Strengthening the Financial System to Meet the Challenge of Climate Change,Governor Lael Brainard,2020-12-18,2020\Strengthening the Financial System to Meet the Cha_2020.pdf
https://www.federalreserve.gov/newsevents/speech/files/brainard20210112a.pdf,2021,Supporting Responsible Use of AI and Equitable Outcomes in Financial Services,Governor Lael Brainard,2021-01-12,2021\Supporting Responsible Use of AI and Equitable Out_2021.pdf
https://www.federalreserve.gov/newsevents/speech/files/brainard20210113a.pdf,2021,Full Employment in the New Monetary Policy Framework,Governor Lael Brainard,2021-01-13,2021\Full Employment in the New Monetary Policy Framewo_2021.pdf
https://www.federalreserve.gov/newsevents/speech/files/powell20210210a.pdf,2021,Getting Back to a Strong Labor Market,Chair Jerome H. Powell,2021-02-10,2021\Getting Back to a Strong Labor Market_2021.pdf
https://www.federalreserve.gov/newsevents/speech/files/bowman20210216a.pdf,2021,My Perspective on Bank Regulation and Supervision,Governor Michelle W. Bowman,2021-02-16,2021\My Perspective on Bank Regulation and Supervision_2021.pdf
https://www.federalreserve.gov/newsevents/speech/files/brainard20210218a.pdf,2021,The Role of Financial Institutions in Tackling the Challenges of Climate Change,Governor Lael Brainard,2021-02-18,2021\The Role of Financial Institutions in Tackling the_2021.pdf
https://www.federalreserve.gov/newsevents/speech/files/bowman20210222a.pdf,2021,Economic Inclusion in Lower-Income Communities,Governor Michelle W. Bowman,2021-02-22,2021\Economic Inclusion in Lower-Income Communities_2021.pdf
https://www.federalreserve.gov/newsevents/speech/files/brainard20210224a.pdf,2021,How Should We Think about Full Employment in the Federal Reserve's Dual Mandate?,Governor Lael Brainard,2021-02-24,2021\How Should We Think about Full Employment in the F_2021.pdf
https://www.federalreserve.gov/newsevents/speech/files/quarles20210225a.pdf,2021,Themistocles and the Mathematicians: The Role of Stress Testing,Vice Chair for Supervision Randal K. Quarles,2021-02-25,2021\Themistocles and the Mathematicians The Role of St_2021.pdf
https://www.federalreserve.gov/newsevents/speech/files/brainard20210301a.pdf,2021,Some Preliminary Financial Stability Lessons from the COVID-19 Shock,Governor Lael Brainard,2021-03-01,2021\Some Preliminary Financial Stability Lessons from _2021.pdf
https://www.federalreserve.gov/newsevents/speech/files/brainard20210302a.pdf,2021,U.S. Economic Outlook and Monetary Policy: An Update,Governor Lael Brainard,2021-03-02,2021\U.S. Economic Outlook and Monetary Policy An Updat_2021.pdf
https://www.federalreserve.gov/newsevents/speech/files/bowman20210322a.pdf,2021,The Economic Outlook and Prospects for Small Business,Governor Michelle W. Bowman,2021-03-22,2021\The Economic Outlook and Prospects for Small Busin_2021.pdf
https://www.federalreserve.gov/newsevents/speech/files/quarles20210322a.pdf,2021,Keynote Remarks,Vice Chair for Supervision Randal K. Quarles,2021-03-22,2021\Keynote Remarks_2021.pdf
https://www.federalreserve.gov/newsevents/speech/files/brainard20210323b.pdf,2021,Remaining Patient as the Outlook Brightens,Governor Lael Brainard,2021-03-23,2021\Remaining Patient as the Outlook Brightens_2021.pdf
https://www.federalreserve.gov/newsevents/speech/files/brainard20210323a.pdf,2021,Financial Stability Implications of Climate Change,Governor Lael Brainard,2021-03-23,2021\Financial Stability Implications of Climate Change_2021.pdf
https://www.federalreserve.gov/newsevents/speech/files/waller20210329a.pdf,2021,Treasury–Federal Reserve Cooperation and the Importance of Central Bank Independence,Governor Christopher J. Waller,2021-03-29,2021\Treasury–Federal Reserve Cooperation and the Impor_2021.pdf
https://www.federalreserve.gov/newsevents/speech/files/quarles20210330a.pdf,2021,"The FSB in 2021:  Addressing Financial Stability Challenges in an Age of Interconnectedness, Innovation, and Change",Vice Chair for Supervision and Chair of the Financial Stability Board Randal K. Quarles,2021-03-30,2021\The FSB in 2021  Addressing Financial Stability Ch_2021.pdf
https://www.federalreserve.gov/newsevents/speech/files/clarida20210414a.pdf,2021,The Federal Reserve's New Framework and Outcome-Based Forward Guidance,Vice Chair Richard H. Clarida,2021-04-14,2021\The Federal Reserve's New Framework and Outcome-Ba_2021.pdf
https://www.federalreserve.gov/newsevents/speech/files/powell20210503a.pdf,2021,Community Development,Chair Jerome H. Powell,2021-05-03,2021\Community Development_2021.pdf
https://www.federalreserve.gov/newsevents/speech/files/bowman20210505a.pdf,2021,The Economic Outlook and Implications for Monetary Policy,Governor Michelle W. Bowman,2021-05-05,2021\The Economic Outlook and Implications for Monetary_2021.pdf
https://www.federalreserve.gov/newsevents/speech/files/brainard20210511a.pdf,2021,Patience and Progress as the Economy Reopens and Recovers,Governor Lael Brainard,2021-05-11,2021\Patience and Progress as the Economy Reopens and R_2021.pdf
https://www.federalreserve.gov/newsevents/speech/files/clarida20210517a.pdf,2021,"Sovereign Markets, Global Factors",Vice Chair Richard H. Clarida,2021-05-17,"2021\Sovereign Markets, Global Factors_2021.pdf"
https://www.federalreserve.gov/newsevents/speech/files/brainard20210524a.pdf,2021,Private Money and Central Bank Money as Payments Go Digital: an Update on CBDCs,Governor Lael Brainard,2021-05-24,2021\Private Money and Central Bank Money as Payments G_2021.pdf
https://www.federalreserve.gov/newsevents/speech/files/brainard20210601a.pdf,2021,Remaining Steady as the Economy Reopens,Governor Lael Brainard,2021-06-01,2021\Remaining Steady as the Economy Reopens_2021.pdf
https://www.federalreserve.gov/newsevents/speech/files/bowman20210623a.pdf,2021,Building Economic Resilience in Communities,Governor Michelle W. Bowman,2021-06-23,2021\Building Economic Resilience in Communities_2021.pdf
https://www.federalreserve.gov/newsevents/speech/files/quarles20210628a.pdf,2021,Parachute Pants and Central Bank Money,Vice Chair for Supervision Randal K. Quarles,2021-06-28,2021\Parachute Pants and Central Bank Money_2021.pdf
https://www.federalreserve.gov/newsevents/speech/files/quarles20210711a.pdf,2021,Disclosures and Data: Building Strong Foundations for Addressing Climate-Related Financial Risks,Vice Chair for Supervision Randal K. Quarles,2021-07-11,2021\Disclosures and Data Building Strong Foundations f_2021.pdf
https://www.federalreserve.gov/newsevents/speech/files/brainard20210730a.pdf,2021,Assessing Progress as the Economy Moves from Reopening to Recovery,Governor Lael Brainard,2021-07-30,2021\Assessing Progress as the Economy Moves from Reope_2021.pdf
https://www.federalreserve.gov/newsevents/speech/files/clarida20210804a.pdf,2021,"Outlooks, Outcomes, and Prospects for U.S. Monetary Policy",Vice Chair Richard H. Clarida,2021-08-04,"2021\Outlooks, Outcomes, and Prospects for U.S. Monetar_2021.pdf"
https://www.federalreserve.gov/newsevents/speech/files/waller20210805a.pdf,2021,CBDC: A Solution in Search of a Problem?,Governor Christopher J. Waller,2021-08-05,2021\CBDC A Solution in Search of a Problem_2021.pdf
https://www.federalreserve.gov/newsevents/speech/files/powell20210827a.pdf,2021,Monetary Policy in the Time of COVID,Chair Jerome H. Powell,2021-08-27,2021\Monetary Policy in the Time of COVID_2021.pdf
https://www.federalreserve.gov/newsevents/speech/files/bowman20210909a.pdf,2021,Community Bank Access to Innovation,Governor Michelle W. Bowman,2021-09-09,2021\Community Bank Access to Innovation_2021.pdf
https://www.federalreserve.gov/newsevents/speech/files/brainard20210927a.pdf,2021,Navigating Delta Headwinds on the Path to a Full Recovery,Governor Lael Brainard,2021-09-27,2021\Navigating Delta Headwinds on the Path to a Full R_2021.pdf
https://www.federalreserve.gov/newsevents/speech/files/bowman20210928a.pdf,2021,Creating a New Model for the Future of Supervision,Governor Michelle W. Bowman,2021-09-28,2021\Creating a New Model for the Future of Supervision_2021.pdf
https://www.federalreserve.gov/newsevents/speech/files/quarles20211005a.pdf,2021,Goodbye to All That: The End of LIBOR,Vice Chair for Supervision Randal K. Quarles,2021-10-05,2021\Goodbye to All That The End of LIBOR_2021.pdf
https://www.federalreserve.gov/newsevents/speech/files/brainard20211007a.pdf,2021,Building Climate Scenario Analysis on the Foundations of Economic Research,Governor Lael Brainard,2021-10-07,2021\Building Climate Scenario Analysis on the Foundati_2021.pdf
https://www.federalreserve.gov/newsevents/speech/files/bowman20211013a.pdf,2021,The View from Here:  The Outlook for the U.S. Economy and Implications for Monetary Policy,Governor Michelle W. Bowman,2021-10-13,2021\The View from Here  The Outlook for the U.S. Econo_2021.pdf
https://www.federalreserve.gov/newsevents/speech/files/brainard20211013a.pdf,2021,Financial Inclusion and Economic Challenges in the Shadow of the Pandemic: A Conversation with Tribal Leaders,Governor Lael Brainard,2021-10-13,2021\Financial Inclusion and Economic Challenges in the_2021.pdf
https://www.federalreserve.gov/newsevents/speech/files/quarles20211018a.pdf,2021,Financial Stability and Coordination in Times of Crisis,Governor Randal K. Quarles,2021-10-18,2021\Financial Stability and Coordination in Times of C_2021.pdf
https://www.federalreserve.gov/newsevents/speech/files/waller20211019a.pdf,2021,The Economic Outlook and a Cautionary Tale  on “Idiosyncratic” Price Changes and Inflation,Governor Christopher J. Waller,2021-10-19,2021\The Economic Outlook and a Cautionary Tale  on “Id_2021.pdf
https://www.federalreserve.gov/newsevents/speech/files/quarles20211020a.pdf,2021,How Long is Too Long?  How High is Too High?: Managing Recent Inflation Developments  within the FOMC’s Monetary Policy Framework,Governor Randal K. Quarles,2021-10-20,2021\How Long is Too Long  How High is Too High Managin_2021.pdf
https://www.federalreserve.gov/newsevents/speech/files/bowman20211022a.pdf,2021,The Lack of New Bank Formations is a Significant Issue for the Banking Industry,Governor Michelle W. Bowman,2021-10-22,2021\The Lack of New Bank Formations is a Significant I_2021.pdf
https://www.federalreserve.gov/newsevents/speech/files/bowman20211108a.pdf,2021,The U.S. Housing and Mortgage Market: Risks and Resilience,Governor Michelle W. Bowman,2021-11-08,2021\The U.S. Housing and Mortgage Market Risks and Res_2021.pdf
https://www.federalreserve.gov/newsevents/speech/files/clarida20211108a.pdf,2021,Flexible Average Inflation Targeting and Prospects for U.S. Monetary Policy,Vice Chair Richard H. Clarida,2021-11-08,2021\Flexible Average Inflation Targeting and Prospects_2021.pdf
https://www.federalreserve.gov/newsevents/speech/files/waller20211117a.pdf,2021,Reflections on Stablecoins and Payments Innovations,Governor Christopher J. Waller,2021-11-17,2021\Reflections on Stablecoins and Payments Innovation_2021.pdf
https://www.federalreserve.gov/newsevents/speech/files/clarida20211119a.pdf,2021,"Perspectives on Global Monetary Policy Coordination, Cooperation, and Correlation",Vice Chair Richard H. Clarida,2021-11-19,2021\Perspectives on Global Monetary Policy Coordinatio_2021.pdf
https://www.federalreserve.gov/newsevents/speech/files/waller20211119a.pdf,2021,Economic Outlook,Governor Christopher J. Waller,2021-11-19,2021\Economic Outlook_2021.pdf
https://www.federalreserve.gov/newsevents/speech/files/bowman20211129a.pdf,2021,"Engagement, Research and Policy: Integrating Indigenous Voices into Economic Inclusion at the Federal Reserve",Governor Michelle W. Bowman,2021-11-29,"2021\Engagement, Research and Policy Integrating Indige_2021.pdf"
https://www.federalreserve.gov/newsevents/speech/files/clarida20211130a.pdf,2021,Federal Reserve Independence: Foundations and Responsibilities,Vice Chair Richard H. Clarida,2021-11-30,2021\Federal Reserve Independence Foundations and Respo_2021.pdf
https://www.federalreserve.gov/newsevents/speech/files/quarles20211202a.pdf,2021,Between the Hither and the Farther Shore: Thoughts on Unfinished Business,Governor Randal K. Quarles,2021-12-02,2021\Between the Hither and the Farther Shore Thoughts _2021.pdf
https://www.federalreserve.gov/newsevents/speech/files/brainard20220218a.pdf,2022,Preparing for the Financial System of the Future,Governor Lael Brainard,2022-02-18,2022\Preparing for the Financial System of the Future_2022.pdf
https://www.federalreserve.gov/newsevents/speech/files/waller20220218a.pdf,2022,"Comments on ""Some Benefits and Risks of a Hot Economy""",Governor Christopher J. Waller,2022-02-18,2022\Comments on Some Benefits and Risks of a Hot Econo_2022.pdf
https://www.federalreserve.gov/newsevents/speech/files/bowman20220221a.pdf,2022,High Inflation and the Outlook for Monetary Policy,Governor Michelle W. Bowman,2022-02-21,2022\High Inflation and the Outlook for Monetary Policy_2022.pdf
https://www.federalreserve.gov/newsevents/speech/files/waller20220224a1.pdf,2022,Fighting Inflation with Rate Hikes and Balance Sheet Reduction,Governor Christopher J. Waller,2022-02-24,2022\Fighting Inflation with Rate Hikes and Balance She_2022.pdf
https://www.federalreserve.gov/newsevents/speech/files/powell20220321a.pdf,2022,Restoring Price Stability,Chair Pro Tempore Jerome H. Powell,2022-03-21,2022\Restoring Price Stability_2022.pdf
https://www.federalreserve.gov/newsevents/speech/files/waller20220324a.pdf,2022,The Red Hot Housing Market: the Role of Policy and Implications for Housing Affordability,Governor Christopher J. Waller,2022-03-24,2022\The Red Hot Housing Market the Role of Policy and _2022.pdf
https://www.federalreserve.gov/newsevents/speech/files/brainard20220405a.pdf,2022,Variation in the Inflation Experiences of Households,Governor Lael Brainard,2022-04-05,2022\Variation in the Inflation Experiences of Househol_2022.pdf
https://www.federalreserve.gov/newsevents/speech/files/waller20220506a1.pdf,2022,Reflections on Monetary Policy in 2021,Governor Christopher J. Waller,2022-05-06,2022\Reflections on Monetary Policy in 2021_2022.pdf
https://www.federalreserve.gov/newsevents/speech/files/brainard20220525a.pdf,2022,Commencement Remarks,Vice Chair Lael Brainard,2022-05-25,2022\Commencement Remarks_2022.pdf
https://www.federalreserve.gov/newsevents/speech/files/waller20220530a.pdf,2022,"Responding to High Inflation, with Some Thoughts on a Soft Landing",Governor Christopher J. Waller,2022-05-30,"2022\Responding to High Inflation, with Some Thoughts o_2022.pdf"
https://www.federalreserve.gov/newsevents/speech/files/waller20220603a.pdf,2022,Risk in the Crypto Markets,Governor Christopher J. Waller,2022-06-03,2022\Risk in the Crypto Markets_2022.pdf
https://www.federalreserve.gov/newsevents/speech/files/waller20220618a.pdf,2022,Lessons Learned on Normalizing Monetary Policy,Governor Christopher J. Waller,2022-06-18,2022\Lessons Learned on Normalizing Monetary Policy_2022.pdf
https://www.federalreserve.gov/newsevents/speech/files/bowman20220623a.pdf,2022,The Outlook for Inflation and Monetary Policy,Governor Michelle W. Bowman,2022-06-23,2022\The Outlook for Inflation and Monetary Policy_2022.pdf
https://www.federalreserve.gov/newsevents/speech/files/brainard20220708a.pdf,2022,Crypto-Assets and Decentralized Finance through a Financial Stability Lens,Vice Chair Lael Brainard,2022-07-08,2022\Crypto-Assets and Decentralized Finance through a _2022.pdf
https://www.federalreserve.gov/newsevents/speech/files/waller20220714a.pdf,2022,Monetary Policy in a World of Conflicting Data,Governor Christopher J. Waller,2022-07-14,2022\Monetary Policy in a World of Conflicting Data_2022.pdf
https://www.federalreserve.gov/newsevents/speech/files/brainard20220719a.pdf,2022,Strengthening the CRA: A Conversation with Representatives of Native Communities,Vice Chair Lael Brainard,2022-07-19,2022\Strengthening the CRA A Conversation with Represen_2022.pdf
https://www.federalreserve.gov/newsevents/speech/files/bowman20220806a.pdf,2022,Fighting Inflation in Challenging Times,Governor Michelle W. Bowman,2022-08-06,2022\Fighting Inflation in Challenging Times_2022.pdf
https://www.federalreserve.gov/newsevents/speech/files/bowman20220817b.pdf,2022,Working Women in the Pandemic Era,Governor Michelle W. Bowman,2022-08-17,2022\Working Women in the Pandemic Era_2022.pdf
https://www.federalreserve.gov/newsevents/speech/files/bowman20220817a.pdf,2022,"Technology, Innovation, and Financial Services",Governor Michelle W. Bowman,2022-08-17,"2022\Technology, Innovation, and Financial Services_2022.pdf"
https://www.federalreserve.gov/newsevents/speech/files/powell20220826a.pdf,2022,Monetary Policy and Price Stability,Chair Jerome H. Powell,2022-08-26,2022\Monetary Policy and Price Stability_2022.pdf
https://www.federalreserve.gov/newsevents/speech/files/brainard20220829a.pdf,2022,Progress on Fast Payments for All: An Update on FedNow,Vice Chair Lael Brainard,2022-08-29,2022\Progress on Fast Payments for All An Update on Fed_2022.pdf
https://www.federalreserve.gov/newsevents/speech/files/barr20220907a.pdf,2022,Making the Financial System Safer and Fairer,Vice Chair for Supervision Michael S. Barr,2022-09-07,2022\Making the Financial System Safer and Fairer_2022.pdf
https://www.federalreserve.gov/newsevents/speech/files/brainard20220907a.pdf,2022,Bringing Inflation Down,Vice Chair Lael Brainard,2022-09-07,2022\Bringing Inflation Down_2022.pdf
https://www.federalreserve.gov/newsevents/speech/files/waller20220909a.pdf,2022,The Economic Outlook: Time to Let the Data Do the Talking,Governor Christopher J. Waller,2022-09-09,2022\The Economic Outlook Time to Let the Data Do the T_2022.pdf
https://www.federalreserve.gov/newsevents/speech/files/bowman20220928a.pdf,2022,The New Landscape for Banking Competition,Governor Michelle W. Bowman,2022-09-28,2022\The New Landscape for Banking Competition_2022.pdf
https://www.federalreserve.gov/newsevents/speech/files/bowman20220930a.pdf,2022,Large Bank Supervision and Regulation,Governor Michelle W. Bowman,2022-09-30,2022\Large Bank Supervision and Regulation_2022.pdf
https://www.federalreserve.gov/newsevents/speech/files/brainard20220930a.pdf,2022,Global Financial Stability Considerations for Monetary Policy in a High-Inflation Environment,Vice Chair Lael Brainard,2022-09-30,2022\Global Financial Stability Considerations for Mone_2022.pdf
https://www.federalreserve.gov/newsevents/speech/files/brainard20221010a.pdf,2022,Restoring Price Stability in an Uncertain Economic Environment,Vice Chair Lael Brainard,2022-10-10,2022\Restoring Price Stability in an Uncertain Economic_2022.pdf
https://www.federalreserve.gov/newsevents/speech/files/bowman20221012a.pdf,2022,Forward Guidance as a Monetary Policy Tool: Considerations for the Current Economic Environment,Governor Michelle W. Bowman,2022-10-12,2022\Forward Guidance as a Monetary Policy Tool Conside_2022.pdf
https://www.federalreserve.gov/newsevents/speech/files/barr20221012a.pdf,2022,Managing the Promise and Risk of Financial Innovation,Vice Chair for Supervision Michael S. Barr,2022-10-12,2022\Managing the Promise and Risk of Financial Innovat_2022.pdf
https://www.federalreserve.gov/newsevents/speech/files/waller20221014a.pdf,2022,The U.S. Dollar and Central Bank Digital Currencies,Governor Christopher J. Waller,2022-10-14,2022\The U.S. Dollar and Central Bank Digital Currencie_2022.pdf
https://www.federalreserve.gov/newsevents/speech/files/waller20221116a.pdf,2022,The Economic Outlook and a Word of Caution on Inflation,Governor Christopher J. Waller,2022-11-16,2022\The Economic Outlook and a Word of Caution on Infl_2022.pdf
https://www.federalreserve.gov/newsevents/speech/files/jefferson20221117a.pdf,2022,Opportunity and Inclusive Economic Growth,Governor Philip N. Jefferson,2022-11-17,2022\Opportunity and Inclusive Economic Growth_2022.pdf
https://www.federalreserve.gov/newsevents/speech/files/bowman20221117a.pdf,2022,Financial Education,Governor Michelle W. Bowman,2022-11-17,2022\Financial Education_2022.pdf
https://www.federalreserve.gov/newsevents/speech/files/barr20221201a.pdf,2022,Why Bank Capital Matters,Vice Chair for Supervision Michael S. Barr,2022-12-01,2022\Why Bank Capital Matters_2022.pdf
https://www.federalreserve.gov/newsevents/speech/files/cook20230106a.pdf,2023,Thoughts on Inflation in a Supply-Constrained Economy,Governor Lisa D. Cook,2023-01-06,2023\Thoughts on Inflation in a Supply-Constrained Econ_2023.pdf
https://www.federalreserve.gov/newsevents/speech/files/bowman20230110a.pdf,2023,Brief Remarks on the Economy and Bank Supervision,Governor Michelle W. Bowman,2023-01-10,2023\Brief Remarks on the Economy and Bank Supervision_2023.pdf
https://www.federalreserve.gov/newsevents/speech/files/powell20230110a.pdf,2023,"Panel on ""Central Bank Independence and the Mandate—Evolving Views""",Chair Jerome H. Powell,2023-01-10,2023\Panel on Central Bank Independence and the Mandate_2023.pdf
https://www.federalreserve.gov/newsevents/speech/files/brainard20230119a.pdf,2023,Staying the Course to Bring Inflation Down,Vice Chair Lael Brainard,2023-01-19,2023\Staying the Course to Bring Inflation Down_2023.pdf
https://www.federalreserve.gov/newsevents/speech/files/waller20230120a.pdf,2023,A Case for Cautious Optimism,Governor Christopher J. Waller,2023-01-20,2023\A Case for Cautious Optimism_2023.pdf
https://www.federalreserve.gov/newsevents/speech/files/cook20230121a.pdf,2023,Remarks to Delta Sigma Theta,Governor Lisa D. Cook,2023-01-21,2023\Remarks to Delta Sigma Theta_2023.pdf
https://www.federalreserve.gov/newsevents/speech/files/barr20230207a.pdf,2023,Remarks at the “Banking on Financial Inclusion” Conference,Vice Chair for Supervision Michael S. Barr,2023-02-07,2023\Remarks at the “Banking on Financial Inclusion” Co_2023.pdf
https://www.federalreserve.gov/newsevents/speech/files/waller20230208a.pdf,2023,"The Inflation Rate for Necessities: A Look at Food, Energy and Shelter Inflation",Governor Christopher J. Waller,2023-02-08,"2023\The Inflation Rate for Necessities A Look at Food,_2023.pdf"
https://www.federalreserve.gov/newsevents/speech/files/waller20230210a.pdf,2023,Thoughts on the Crypto Ecosystem,Governor Christopher J. Waller,2023-02-10,2023\Thoughts on the Crypto Ecosystem_2023.pdf
https://www.federalreserve.gov/newsevents/speech/files/bowman20230213a.pdf,2023,"Independence, Predictability, and Tailoring in Banking Regulation and Supervision",Governor Michelle W. Bowman,2023-02-13,"2023\Independence, Predictability, and Tailoring in Ban_2023.pdf"
https://www.federalreserve.gov/newsevents/speech/files/jefferson20230224a.pdf,2023,"Discussion of the Paper ""Managing Disinflations""  by Stephen G. Cecchetti, Michael E. Feroli, Peter Hooper,  Frederic S. Mishkin, and Kermit L. Schoenholtz",Governor Philip N. Jefferson,2023-02-24,2023\Discussion of the Paper Managing Disinflations  by_2023.pdf
https://www.federalreserve.gov/newsevents/speech/files/jefferson20230227a.pdf,2023,Recent Inflation and the Dual Mandate,Governor Philip N. Jefferson,2023-02-27,2023\Recent Inflation and the Dual Mandate_2023.pdf
https://www.federalreserve.gov/newsevents/speech/files/waller20230302a.pdf,2023,February’s Hot Data Releases,Governor Christopher J. Waller,2023-03-02,2023\February’s Hot Data Releases_2023.pdf
https://www.federalreserve.gov/newsevents/speech/files/bowman20230303a.pdf,2023,Panel on “Design Issues for Central Bank Facilities in the Future”,Governor Michelle W. Bowman,2023-03-03,2023\Panel on “Design Issues for Central Bank Facilitie_2023.pdf
https://www.federalreserve.gov/newsevents/speech/files/barr20230309a.pdf,2023,Supporting Innovation with Guardrails: The Federal Reserve’s Approach to Supervision and Regulation of Banks’ Crypto-related Activities,Vice Chair for Supervision Michael S. Barr,2023-03-09,2023\Supporting Innovation with Guardrails The Federal _2023.pdf
https://www.federalreserve.gov/newsevents/speech/files/bowman20230314a.pdf,2023,The Innovation Imperative: Modernizing Traditional Banking,Governor Michelle W. Bowman,2023-03-14,2023\The Innovation Imperative Modernizing Traditional _2023.pdf
https://www.federalreserve.gov/newsevents/speech/files/jefferson20230327a.pdf,2023,Implementation and Transmission of Monetary Policy,Governor Philip N. Jefferson,2023-03-27,2023\Implementation and Transmission of Monetary Policy_2023.pdf
https://www.federalreserve.gov/newsevents/speech/files/waller20230331a.pdf,2023,The Unstable Phillips Curve,Governor Christopher J. Waller,2023-03-31,2023\The Unstable Phillips Curve_2023.pdf
https://www.federalreserve.gov/newsevents/speech/files/cook20230331a.pdf,2023,The U.S. Economic Outlook and Monetary Policy,Governor Lisa D. Cook,2023-03-31,2023\The U.S. Economic Outlook and Monetary Policy_2023.pdf
https://www.federalreserve.gov/newsevents/speech/files/bowman20230414a.pdf,2023,The Consequences of Fewer Banks in the U.S. Banking System,Governor Michelle W. Bowman,2023-04-14,2023\The Consequences of Fewer Banks in the U.S. Bankin_2023.pdf
https://www.federalreserve.gov/newsevents/speech/files/waller20230414a.pdf,2023,Financial Stabilization and Macroeconomic Stabilization:  Two Tools for Two Problems,Governor Christopher J. Waller,2023-04-14,2023\Financial Stabilization and Macroeconomic Stabiliz_2023.pdf
https://www.federalreserve.gov/newsevents/speech/files/bowman20230418a.pdf,2023,Considerations for a Central Bank Digital Currency,Governor Michelle W. Bowman,2023-04-18,2023\Considerations for a Central Bank Digital Currency_2023.pdf
https://www.federalreserve.gov/newsevents/speech/files/waller20230420a.pdf,2023,Innovation and the Future of Finance,Governor Christopher J. Waller,2023-04-20,2023\Innovation and the Future of Finance_2023.pdf
https://www.federalreserve.gov/newsevents/speech/files/cook20230421a.pdf,2023,Important Questions for Economic Research,Governor Lisa D. Cook,2023-04-21,2023\Important Questions for Economic Research_2023.pdf
https://www.federalreserve.gov/newsevents/speech/files/waller20230511a.pdf,2023,Climate Change and Financial Stability,Governor Christopher J. Waller,2023-05-11,2023\Climate Change and Financial Stability_2023.pdf
https://www.federalreserve.gov/newsevents/speech/files/jefferson20230512a.pdf,2023,On the Assessment of Current Monetary Policy,Governor Philip N. Jefferson,2023-05-12,2023\On the Assessment of Current Monetary Policy_2023.pdf
https://www.federalreserve.gov/newsevents/speech/files/bowman20230512a.pdf,2023,"The Evolving Nature of Banking, Bank Culture, and Bank Runs",Governor Michelle W. Bowman,2023-05-12,"2023\The Evolving Nature of Banking, Bank Culture, and _2023.pdf"
https://www.federalreserve.gov/newsevents/speech/files/cook20230515a.pdf,2023,Commencement Address,Governor Lisa D. Cook,2023-05-15,2023\Commencement Address_2023.pdf
https://www.federalreserve.gov/newsevents/speech/files/jefferson20230518a.pdf,2023,The U.S. Economic Outlook and Considerations for Monetary Policy,Governor Philip N. Jefferson,2023-05-18,2023\The U.S. Economic Outlook and Considerations for M_2023.pdf
https://www.federalreserve.gov/newsevents/speech/files/bowman20230519a.pdf,2023,Considerations for Revisions to the Bank Regulatory Framework,Governor Michelle W. Bowman,2023-05-19,2023\Considerations for Revisions to the Bank Regulator_2023.pdf
https://www.federalreserve.gov/newsevents/speech/files/waller20230524a.pdf,2023,"Hike, Skip, or Pause?",Governor Christopher J. Waller,2023-05-24,"2023\Hike, Skip, or Pause_2023.pdf"
https://www.federalreserve.gov/newsevents/speech/files/jefferson20230531a.pdf,2023,Financial Stability and the U.S. Economy,Governor Philip N. Jefferson,2023-05-31,2023\Financial Stability and the U.S. Economy_2023.pdf
https://www.federalreserve.gov/newsevents/speech/files/waller20230616a.pdf,2023,Financial Stability and Macroeconomic Policy,Governor Christopher J. Waller,2023-06-16,2023\Financial Stability and Macroeconomic Policy_2023.pdf
https://www.federalreserve.gov/newsevents/speech/files/bowman20230625a.pdf,2023,Responsive and Responsible Bank Regulation and Supervision,Governor Michelle W. Bowman,2023-06-25,2023\Responsive and Responsible Bank Regulation and Sup_2023.pdf
https://www.federalreserve.gov/newsevents/speech/files/powell20230629a.pdf,2023,Financial Stability and Economic Developments,Chair Jerome H. Powell,2023-06-29,2023\Financial Stability and Economic Developments_2023.pdf
https://www.federalreserve.gov/newsevents/speech/files/barr20230710a.pdf,2023,Holistic Capital Review,Vice Chair for Supervision Michael S. Barr,2023-07-10,2023\Holistic Capital Review_2023.pdf
https://www.federalreserve.gov/newsevents/speech/files/waller20230713a.pdf,2023,Big Shocks Travel Fast: Why Policy Lags May Be Shorter Than You Think,Governor Christopher J. Waller,2023-07-13,2023\Big Shocks Travel Fast Why Policy Lags May Be Shor_2023.pdf
https://www.federalreserve.gov/newsevents/speech/files/barr20230718a.pdf,2023,Furthering the Vision of the Fair Housing Act,Vice Chair for Supervision Michael S. Barr,2023-07-18,2023\Furthering the Vision of the Fair Housing Act_2023.pdf
https://www.federalreserve.gov/newsevents/speech/files/powell20230825a.pdf,2023,Inflation:  Progress and the Path Ahead,Chair Jerome H. Powell,2023-08-25,2023\Inflation  Progress and the Path Ahead_2023.pdf
https://www.federalreserve.gov/newsevents/speech/files/barr20230908a.pdf,2023,The Federal Reserve’s Role in Supporting Responsible Innovation,Vice Chair for Supervision Michael S. Barr,2023-09-08,2023\The Federal Reserve’s Role in Supporting Responsib_2023.pdf
https://www.federalreserve.gov/newsevents/speech/files/bowman20230922a.pdf,2023,Brief Remarks on the Economy and Monetary Policy,Governor Michelle W. Bowman,2023-09-22,2023\Brief Remarks on the Economy and Monetary Policy_2023.pdf
https://www.federalreserve.gov/newsevents/speech/files/cook20230922a.pdf,2023,"Generative AI, Productivity, the Labor Market, and Choice Behavior",Governor Lisa D. Cook,2023-09-22,"2023\Generative AI, Productivity, the Labor Market, and_2023.pdf"
https://www.federalreserve.gov/newsevents/speech/files/bowman20230927a.pdf,2023,Panel Remarks,Governor Michelle W. Bowman,2023-09-27,2023\Panel Remarks_2023.pdf
https://www.federalreserve.gov/newsevents/speech/files/bowman20231002a.pdf,2023,Brief Remarks on the Economy and Bank Regulation,Governor Michelle W. Bowman,2023-10-02,2023\Brief Remarks on the Economy and Bank Regulation_2023.pdf
https://www.federalreserve.gov/newsevents/speech/files/bowman20231004a.pdf,2023,"The Role of Research, Data, and Analysis in Banking Reforms",Governor Michelle W. Bowman,2023-10-04,"2023\The Role of Research, Data, and Analysis in Bankin_2023.pdf"
https://www.federalreserve.gov/newsevents/speech/files/bowman20231007a.pdf,2023,Brief Remarks on the Economy and Insights from Past Bank Regulatory Reform Efforts,Governor Michelle W. Bowman,2023-10-07,2023\Brief Remarks on the Economy and Insights from Pas_2023.pdf
https://www.federalreserve.gov/newsevents/speech/files/jefferson20231009a.pdf,2023,U.S. Economic Outlook and Monetary Policy Transmission,Vice Chair Philip N. Jefferson,2023-10-09,2023\U.S. Economic Outlook and Monetary Policy Transmis_2023.pdf
https://www.federalreserve.gov/newsevents/speech/files/barr20231009a.pdf,2023,Capital Supports Lending,Vice Chair for Supervision Michael S. Barr,2023-10-09,2023\Capital Supports Lending_2023.pdf
https://www.federalreserve.gov/newsevents/speech/files/waller20231010a.pdf,2023,Monetary Policy Analysis and the Development of Federal Reserve Policymaking,Governor Christopher J. Waller,2023-10-10,2023\Monetary Policy Analysis and the Development of Fe_2023.pdf
https://www.federalreserve.gov/newsevents/speech/files/bowman20231011a.pdf,2023,Financial Stability in Uncertain Times,Governor Michelle W. Bowman,2023-10-11,2023\Financial Stability in Uncertain Times_2023.pdf
https://www.federalreserve.gov/newsevents/speech/files/bowman20231017a.pdf,2023,Responsible Innovation in Money and Payments,Governor Michelle W. Bowman,2023-10-17,2023\Responsible Innovation in Money and Payments_2023.pdf
https://www.federalreserve.gov/newsevents/speech/files/cook20231018a.pdf,2023,The Evolution of the Federal Reserve’s Employment Mandate,Governor Lisa D. Cook,2023-10-18,2023\The Evolution of the Federal Reserve’s Employment _2023.pdf
https://www.federalreserve.gov/newsevents/speech/files/waller20231018a.pdf,2023,Something’s Got to Give,Governor Christopher J. Waller,2023-10-18,2023\Something’s Got to Give_2023.pdf
https://www.federalreserve.gov/newsevents/speech/files/barr20231019a.pdf,2023,Multiple Scenarios in Stress Testing,Vice Chair for Supervision Michael S. Barr,2023-10-19,2023\Multiple Scenarios in Stress Testing_2023.pdf
https://www.federalreserve.gov/newsevents/speech/files/waller20231026a.pdf,2023,Welcome Remarks,Governor Christopher J. Waller,2023-10-26,2023\Welcome Remarks_2023.pdf
https://www.federalreserve.gov/newsevents/speech/files/cook20231106a.pdf,2023,Financial Stability: Resilience and Challenges,Governor Lisa D. Cook,2023-11-06,2023\Financial Stability Resilience and Challenges_2023.pdf
https://www.federalreserve.gov/newsevents/speech/files/bowman20231107a.pdf,2023,Remarks on the Economy and Bank Supervision and Regulation,Governor Michelle W. Bowman,2023-11-07,2023\Remarks on the Economy and Bank Supervision and Re_2023.pdf
https://www.federalreserve.gov/newsevents/speech/files/waller20231107a.pdf,2023,Using Economic Data to Understand the Economy,Governor Christopher J. Waller,2023-11-07,2023\Using Economic Data to Understand the Economy_2023.pdf
https://www.federalreserve.gov/newsevents/speech/files/jefferson20231108a.pdf,2023,"Research and Statistics Centennial Anniversary: Past, Present and Future",Vice Chair Philip N. Jefferson,2023-11-08,2023\Research and Statistics Centennial Anniversary Pas_2023.pdf
https://www.federalreserve.gov/newsevents/speech/files/cook20231108a.pdf,2023,"Financial Stability: Resilience, Challenges, and Global Connections",Governor Lisa D. Cook,2023-11-08,"2023\Financial Stability Resilience, Challenges, and Gl_2023.pdf"
https://www.federalreserve.gov/newsevents/speech/files/bowman20231109a.pdf,2023,Remarks on the Economy and Prioritization of Bank Supervision and Regulation,Governor Michelle W. Bowman,2023-11-09,2023\Remarks on the Economy and Prioritization of Bank _2023.pdf
https://www.federalreserve.gov/newsevents/speech/files/jefferson20231114a.pdf,2023,Elevated Economic Uncertainty: Causes and Consequences,Vice Chair Philip N. Jefferson,2023-11-14,2023\Elevated Economic Uncertainty Causes and Consequen_2023.pdf
https://www.federalreserve.gov/newsevents/speech/files/cook20231116a.pdf,2023,"Global Linkages:  Supply, Spillovers, and Common Challenges",Governor Lisa D. Cook,2023-11-16,"2023\Global Linkages  Supply, Spillovers, and Common Ch_2023.pdf"
https://www.federalreserve.gov/newsevents/speech/files/barr20231116a.pdf,2023,The 2023 U.S. Treasury Market Conference,Vice Chair for Supervision Michael S. Barr,2023-11-16,2023\The 2023 U.S. Treasury Market Conference_2023.pdf
https://www.federalreserve.gov/newsevents/speech/files/barr20231128a.pdf,2023,Serving Indian Country with the Modernized Community Reinvestment Act,Vice Chair for Supervision Michael S. Barr,2023-11-28,2023\Serving Indian Country with the Modernized Communi_2023.pdf
https://www.federalreserve.gov/newsevents/speech/files/bowman20231128a.pdf,2023,Reflections on the Economy and Monetary Policy,Governor Michelle W. Bowman,2023-11-28,2023\Reflections on the Economy and Monetary Policy_2023.pdf
https://www.federalreserve.gov/newsevents/speech/files/waller20231128a.pdf,2023,Something Appears to Be Giving,Governor Christopher J. Waller,2023-11-28,2023\Something Appears to Be Giving_2023.pdf
https://www.federalreserve.gov/newsevents/speech/files/barr20231201a.pdf,2023,The Importance of Effective Liquidity Risk Management,Vice Chair for Supervision Michael S. Barr,2023-12-01,2023\The Importance of Effective Liquidity Risk Managem_2023.pdf
https://www.federalreserve.gov/newsevents/speech/files/bowman20231205a.pdf,2023,Building a More Inclusive Financial System through Collaboration and Action,Governor Michelle W. Bowman,2023-12-05,2023\Building a More Inclusive Financial System through_2023.pdf
https://www.federalreserve.gov/newsevents/speech/files/bowman20240108a.pdf,2024,New Year’s Resolutions for Bank Regulatory Policymakers,Governor Michelle W. Bowman,2024-01-08,2024\New Year’s Resolutions for Bank Regulatory Policym_2024.pdf
https://www.federalreserve.gov/newsevents/speech/files/waller20240116a.pdf,2024,Almost as Good as It Gets…But Will It Last?,Governor Christopher J. Waller,2024-01-16,2024\Almost as Good as It Gets…But Will It Last_2024.pdf
https://www.federalreserve.gov/newsevents/speech/files/bowman20240117a.pdf,2024,The Path Forward for Bank Capital Reform,Governor Michelle W. Bowman,2024-01-17,2024\The Path Forward for Bank Capital Reform_2024.pdf
https://www.federalreserve.gov/newsevents/speech/files/bowman20240202a.pdf,2024,The Future of Banking,Governor Michelle W. Bowman,2024-02-02,2024\The Future of Banking_2024.pdf
https://www.federalreserve.gov/newsevents/speech/files/bowman20240207a.pdf,2024,Supporting Entrepreneurship & Small Businesses,Governor Michelle W. Bowman,2024-02-07,2024\Supporting Entrepreneurship & Small Businesses_2024.pdf
https://www.federalreserve.gov/newsevents/speech/files/kugler20240207a.pdf,2024,The Outlook for the Economy and Monetary Policy,Governor Adriana D. Kugler,2024-02-07,2024\The Outlook for the Economy and Monetary Policy_2024.pdf
https://www.federalreserve.gov/newsevents/speech/files/bowman20240212a.pdf,2024,Defining a Bank,Governor Michelle W. Bowman,2024-02-12,2024\Defining a Bank_2024.pdf
https://www.federalreserve.gov/newsevents/speech/files/barr20240214a.pdf,2024,"The Intersection of Monetary Policy, Market Functioning, and Liquidity Risk Management",Vice Chair for Supervision Michael S. Barr,2024-02-14,"2024\The Intersection of Monetary Policy, Market Functi_2024.pdf"
https://www.federalreserve.gov/newsevents/speech/files/waller20240215a.pdf,2024,The Dollar's International Role,Governor Christopher J. Waller,2024-02-15,2024\The Dollar's International Role_2024.pdf
https://www.federalreserve.gov/newsevents/speech/files/bowman20240215a.pdf,2024,Advancing Cross-Border Payments and Financial Inclusion,Governor Michelle W. Bowman,2024-02-15,2024\Advancing Cross-Border Payments and Financial Incl_2024.pdf
https://www.federalreserve.gov/newsevents/speech/files/barr20240216a.pdf,2024,"Supervision with Speed, Force, and Agility",Vice Chair for Supervision Michael S. Barr,2024-02-16,"2024\Supervision with Speed, Force, and Agility_2024.pdf"
https://www.federalreserve.gov/newsevents/speech/files/waller20240222a.pdf,2024,What’s the Rush?,Governor Christopher J. Waller,2024-02-22,2024\What’s the Rush_2024.pdf
https://www.federalreserve.gov/newsevents/speech/files/cook20240222a.pdf,2024,Sources of Uncertainty in the Short Run and the Long Run,Governor Lisa D. Cook,2024-02-22,2024\Sources of Uncertainty in the Short Run and the Lo_2024.pdf
https://www.federalreserve.gov/newsevents/speech/files/jefferson20240222a.pdf,2024,Is This Time Different? Recent Monetary Policy Cycles in Retrospect,Vice Chair Philip N. Jefferson,2024-02-22,2024\Is This Time Different Recent Monetary Policy Cycl_2024.pdf
https://www.federalreserve.gov/newsevents/speech/files/barr20240227a.pdf,2024,The Importance of Counterparty Credit Risk Management,Vice Chair for Supervision Michael S. Barr,2024-02-27,2024\The Importance of Counterparty Credit Risk Managem_2024.pdf
https://www.federalreserve.gov/newsevents/speech/files/kugler20240301a.pdf,2024,Disinflation without a Rise in Unemployment?  What Is Different This Time Around,Governor Adriana D. Kugler,2024-03-01,2024\Disinflation without a Rise in Unemployment  What _2024.pdf
https://www.federalreserve.gov/newsevents/speech/files/waller20240301a.pdf,2024,"Thoughts on Quantitative Tightening, Including Remarks on the Paper ""Quantitative Tightening around the Globe:  What Have We Learned?""",Governor Christopher J. Waller,2024-03-01,"2024\Thoughts on Quantitative Tightening, Including Rem_2024.pdf"
https://www.federalreserve.gov/newsevents/speech/files/bowman20240305a.pdf,2024,"Tailoring, Fidelity to the Rule of Law, and Unintended Consequences",Governor Michelle W. Bowman,2024-03-05,"2024\Tailoring, Fidelity to the Rule of Law, and Uninte_2024.pdf"
https://www.federalreserve.gov/newsevents/speech/files/bowman20240307a.pdf,2024,Reflections on the Economy and Bank Regulation,Governor Michelle W. Bowman,2024-03-07,2024\Reflections on the Economy and Bank Regulation_2024.pdf
https://www.federalreserve.gov/newsevents/speech/files/cook20240325a.pdf,2024,The Dual Mandate and the Balance of Risks,Governor Lisa D. Cook,2024-03-25,2024\The Dual Mandate and the Balance of Risks_2024.pdf
https://www.federalreserve.gov/newsevents/speech/files/waller20240327a.pdf,2024,There’s Still No Rush,Governor Christopher J. Waller,2024-03-27,2024\There’s Still No Rush_2024.pdf
https://www.federalreserve.gov/newsevents/speech/files/cook20240401a.pdf,2024,"Hope, Promise, and Mentors",Governor Lisa D. Cook,2024-04-01,"2024\Hope, Promise, and Mentors_2024.pdf"
https://www.federalreserve.gov/newsevents/speech/files/bowman20240402a.pdf,2024,"Bank Mergers and Acquisitions, and De Novo Bank Formation: Implications for the Future of the Banking System",Governor Michelle W. Bowman,2024-04-02,"2024\Bank Mergers and Acquisitions, and De Novo Bank Fo_2024.pdf"
https://www.federalreserve.gov/newsevents/speech/files/kugler20240403a.pdf,2024,The Outlook for the U.S. Economy and Monetary Policy,Governor Adriana D. Kugler,2024-04-03,2024\The Outlook for the U.S. Economy and Monetary Poli_2024.pdf
https://www.federalreserve.gov/newsevents/speech/files/bowman20240403a.pdf,2024,"Bank Liquidity, Regulation, and the Fed's Role as Lender of Last Resort",Governor Michelle W. Bowman,2024-04-03,"2024\Bank Liquidity, Regulation, and the Fed's Role as _2024.pdf"
https://www.federalreserve.gov/newsevents/speech/files/kugler20240404a.pdf,2024,Enriching Data and Analysis in Economics with Real Life Experiences,Governor Adriana D. Kugler,2024-04-04,2024\Enriching Data and Analysis in Economics with Real_2024.pdf
https://www.federalreserve.gov/newsevents/speech/files/bowman20240405a.pdf,2024,Risks and Uncertainty in Monetary Policy: Current and Past Considerations,Governor Michelle W. Bowman,2024-04-05,2024\Risks and Uncertainty in Monetary Policy Current a_2024.pdf
https://www.federalreserve.gov/newsevents/speech/files/jefferson20240416a.pdf,2024,Economic Uncertainty and the Evolution of Monetary Policymaking,Vice Chair Philip N. Jefferson,2024-04-16,2024\Economic Uncertainty and the Evolution of Monetary_2024.pdf
https://www.federalreserve.gov/newsevents/speech/files/cook20240504a.pdf,2024,"""Oh, the Places You’ll Go and the Things You’ll Do""",Governor Lisa D. Cook,2024-05-04,"2024\Oh, the Places You’ll Go and the Things You’ll Do_2024.pdf"
https://www.federalreserve.gov/newsevents/speech/files/cook20240508a.pdf,2024,Current Assessment of Financial Stability,Governor Lisa D. Cook,2024-05-08,2024\Current Assessment of Financial Stability_2024.pdf
https://www.federalreserve.gov/newsevents/speech/files/bowman20240510a.pdf,2024,Financial Stability Risks: Resiliency and the Role of Regulators,Governor Michelle W. Bowman,2024-05-10,2024\Financial Stability Risks Resiliency and the Role _2024.pdf
https://www.federalreserve.gov/newsevents/speech/files/jefferson20240513a.pdf,2024,Communicating about Monetary Policy,Vice Chair Philip N. Jefferson,2024-05-13,2024\Communicating about Monetary Policy_2024.pdf
https://www.federalreserve.gov/newsevents/speech/files/cook20240514a.pdf,2024,Growth and Change at Community Development Financial Institutions,Governor Lisa D. Cook,2024-05-14,2024\Growth and Change at Community Development Financi_2024.pdf
https://www.federalreserve.gov/newsevents/speech/files/bowman20240515a.pdf,2024,Innovation and the Evolving Financial Landscape,Governor Michelle W. Bowman,2024-05-15,2024\Innovation and the Evolving Financial Landscape_2024.pdf
https://www.federalreserve.gov/newsevents/speech/files/waller20240517a.pdf,2024,"Payments Innovation, Technical Standards, and the Federal Reserve's Roles",Governor Christopher J. Waller,2024-05-17,"2024\Payments Innovation, Technical Standards, and the _2024.pdf"
https://www.federalreserve.gov/newsevents/speech/files/kugler20240518a.pdf,2024,"On the Road Ahead, Cherish the Detours",Governor Adriana D. Kugler,2024-05-18,"2024\On the Road Ahead, Cherish the Detours_2024.pdf"
https://www.federalreserve.gov/newsevents/speech/files/powell20240519a.pdf,2024,Georgetown University Law Center Commencement Address,Chair Jerome H. Powell,2024-05-19,2024\Georgetown University Law Center Commencement Addr_2024.pdf
https://www.federalreserve.gov/newsevents/speech/files/jefferson20240520a.pdf,2024,U.S. Economic Outlook and Housing Price Dynamics,Vice Chair Philip N. Jefferson,2024-05-20,2024\U.S. Economic Outlook and Housing Price Dynamics_2024.pdf
https://www.federalreserve.gov/newsevents/speech/files/waller20240520a.pdf,2024,Welcoming Remarks on the International Role of the U.S. Dollar,Governor Christopher J. Waller,2024-05-20,2024\Welcoming Remarks on the International Role of the_2024.pdf
https://www.federalreserve.gov/newsevents/speech/files/barr20240520a.pdf,2024,On Building a Resilient Regulatory Framework,Vice Chair for Supervision Michael S. Barr,2024-05-20,2024\On Building a Resilient Regulatory Framework_2024.pdf
https://www.federalreserve.gov/newsevents/speech/files/waller20240521a.pdf,2024,"Little by Little, Progress Seems to be Resuming.",Governor Christopher J. Waller,2024-05-21,"2024\Little by Little, Progress Seems to be Resuming._2024.pdf"
https://www.federalreserve.gov/newsevents/speech/files/waller20240524a.pdf,2024,Some Thoughts on r*:  Why Did It Fall and Will It Rise?,Governor Christopher J. Waller,2024-05-24,2024\Some Thoughts on r  Why Did It Fall and Will It Ri_2024.pdf
https://www.federalreserve.gov/newsevents/speech/files/bowman20240528a.pdf,2024,The Federal Reserve's Balance Sheet as a Monetary Policy Tool:  Past Lessons and Future Considerations,Governor Michelle W. Bowman,2024-05-28,2024\The Federal Reserve's Balance Sheet as a Monetary _2024.pdf
https://www.federalreserve.gov/newsevents/speech/files/cook20240607a.pdf,2024,A New Class of Trailblazers,Governor Lisa D. Cook,2024-06-07,2024\A New Class of Trailblazers_2024.pdf
https://www.federalreserve.gov/newsevents/speech/files/cook20240614a.pdf,2024,Lessons from the American Economic Association Summer Program,Governor Lisa D. Cook,2024-06-14,2024\Lessons from the American Economic Association Sum_2024.pdf
https://www.federalreserve.gov/newsevents/speech/files/cook20240617a.pdf,2024,A Transformative Experience,Governor Lisa D. Cook,2024-06-17,2024\A Transformative Experience_2024.pdf
https://www.federalreserve.gov/newsevents/speech/files/bowman20240617a.pdf,2024,Innovation in the Financial System,Governor Michelle W. Bowman,2024-06-17,2024\Innovation in the Financial System_2024.pdf
https://www.federalreserve.gov/newsevents/speech/files/kugler20240618a.pdf,2024,Some Reasons for Optimism about Inflation,Governor Adriana D. Kugler,2024-06-18,2024\Some Reasons for Optimism about Inflation_2024.pdf
https://www.federalreserve.gov/newsevents/speech/files/cook20240625a.pdf,2024,Moving Toward Better Balance and Implications for Monetary Policy,Governor Lisa D. Cook,2024-06-25,2024\Moving Toward Better Balance and Implications for _2024.pdf
https://www.federalreserve.gov/newsevents/speech/files/bowman20240625a.pdf,2024,Perspectives on U.S. Monetary Policy and Bank Capital Reform,Governor Michelle W. Bowman,2024-06-25,2024\Perspectives on U.S. Monetary Policy and Bank Capi_2024.pdf
https://www.federalreserve.gov/newsevents/speech/files/bowman20240626a.pdf,2024,The Consequences of Bank Capital Reform,Governor Michelle W. Bowman,2024-06-26,2024\The Consequences of Bank Capital Reform_2024.pdf
https://www.federalreserve.gov/newsevents/speech/files/bowman20240627a.pdf,2024,"Brief Remarks on the Economy, Monetary Policy, and Bank Regulation",Governor Michelle W. Bowman,2024-06-27,"2024\Brief Remarks on the Economy, Monetary Policy, and_2024.pdf"
https://www.federalreserve.gov/newsevents/speech/files/bowman20240709a.pdf,2024,Promoting an Inclusive Financial System,Governor Michelle W. Bowman,2024-07-09,2024\Promoting an Inclusive Financial System_2024.pdf
https://www.federalreserve.gov/newsevents/speech/files/barr20240709a.pdf,2024,"Financial Inclusion: Past, Present, and Hopes for the Future",Vice Chair for Supervision Michael S. Barr,2024-07-09,"2024\Financial Inclusion Past, Present, and Hopes for t_2024.pdf"
https://www.federalreserve.gov/newsevents/speech/files/cook20240710a.pdf,2024,Common Inflation and Monetary Policy Challenges across Countries,Governor Lisa D. Cook,2024-07-10,2024\Common Inflation and Monetary Policy Challenges ac_2024.pdf
https://www.federalreserve.gov/newsevents/speech/files/kugler20240716a.pdf,2024,The Challenges Facing Economic Measurement and Creative Solutions,Governor Adriana D. Kugler,2024-07-16,2024\The Challenges Facing Economic Measurement and Cre_2024.pdf
https://www.federalreserve.gov/newsevents/speech/files/waller20240717a.pdf,2024,Getting Closer,Governor Christopher J. Waller,2024-07-17,2024\Getting Closer_2024.pdf
https://www.federalreserve.gov/newsevents/speech/files/bowman20240718a.pdf,2024,"Liquidity, Supervision, and Regulatory Reform",Governor Michelle W. Bowman,2024-07-18,"2024\Liquidity, Supervision, and Regulatory Reform_2024.pdf"
https://www.federalreserve.gov/newsevents/speech/files/bowman20240810a.pdf,2024,"Update on the Economic Outlook, and Perspective on Bank Culture, M&A, and Liquidity",Governor Michelle W. Bowman,2024-08-10,"2024\Update on the Economic Outlook, and Perspective on_2024.pdf"
https://www.federalreserve.gov/newsevents/speech/files/bowman20240820a.pdf,2024,Remarks on the Economic Outlook and Financial Inclusion,Governor Michelle W. Bowman,2024-08-20,2024\Remarks on the Economic Outlook and Financial Incl_2024.pdf
https://www.federalreserve.gov/newsevents/speech/files/powell20240823a.pdf,2024,Review and Outlook,Chair Jerome H. Powell,2024-08-23,2024\Review and Outlook_2024.pdf
https://www.federalreserve.gov/newsevents/speech/files/waller20240828a.pdf,2024,Interlinking Fast Payment Systems,Governor Christopher J. Waller,2024-08-28,2024\Interlinking Fast Payment Systems_2024.pdf
https://www.federalreserve.gov/newsevents/speech/files/waller20240906a.pdf,2024,The Time Has Come,Governor Christopher J. Waller,2024-09-06,2024\The Time Has Come_2024.pdf
https://www.federalreserve.gov/newsevents/speech/files/bowman20240910a.pdf,2024,The Future of Stress Testing and the Stress Capital Buffer Framework,Governor Michelle W. Bowman,2024-09-10,2024\The Future of Stress Testing and the Stress Capita_2024.pdf
https://www.federalreserve.gov/newsevents/speech/files/barr20240910a.pdf,2024,The Next Steps on Capital,Vice Chair for Supervision Michael S. Barr,2024-09-10,2024\The Next Steps on Capital_2024.pdf
https://www.federalreserve.gov/newsevents/speech/files/bowman20240920a.pdf,2024,Statement by Governor Michelle W. Bowman,Governor Michelle W. Bowman,2024-09-20,2024\Statement by Governor Michelle W. Bowman_2024.pdf
https://www.federalreserve.gov/newsevents/speech/files/kugler20240925a.pdf,2024,How We Got Here:  A Perspective on Inflation and the Labor Market,Governor Adriana D. Kugler,2024-09-25,2024\How We Got Here  A Perspective on Inflation and th_2024.pdf
https://www.federalreserve.gov/newsevents/speech/files/cook20240926a.pdf,2024,What Will Artificial Intelligence Mean for America’s Workers?,Governor Lisa D. Cook,2024-09-26,2024\What Will Artificial Intelligence Mean for America_2024.pdf
https://www.federalreserve.gov/newsevents/speech/files/barr20240926a.pdf,2024,Supporting Market Resilience and Financial Stability,Vice Chair for Supervision Michael S. Barr,2024-09-26,2024\Supporting Market Resilience and Financial Stabili_2024.pdf
https://www.federalreserve.gov/newsevents/speech/files/bowman20240930a.pdf,2024,Recent Views on Monetary Policy and the Economic Outlook,Governor Michelle W. Bowman,2024-09-30,2024\Recent Views on Monetary Policy and the Economic O_2024.pdf
https://www.federalreserve.gov/newsevents/speech/files/cook20241001a.pdf,2024,"Artificial Intelligence, Big Data, and the Path Ahead for Productivity",Governor Lisa D. Cook,2024-10-01,"2024\Artificial Intelligence, Big Data, and the Path Ah_2024.pdf"
https://www.federalreserve.gov/newsevents/speech/files/bowman20241002a.pdf,2024,Building a Community Banking Framework for the Future,Governor Michelle W. Bowman,2024-10-02,2024\Building a Community Banking Framework for the Fut_2024.pdf
https://www.federalreserve.gov/newsevents/speech/files/jefferson20241008a.pdf,2024,A History of the Fed's Discount Window: 1913–2000,Vice Chair Philip N. Jefferson,2024-10-08,2024\A History of the Fed's Discount Window 1913–2000_2024.pdf
https://www.federalreserve.gov/newsevents/speech/files/kugler20241008a.pdf,2024,The Global Fight Against Inflation,Governor Adriana D. Kugler,2024-10-08,2024\The Global Fight Against Inflation_2024.pdf
https://www.federalreserve.gov/newsevents/speech/files/jefferson20241009a.pdf,2024,The Fed's Discount Window: 1990 to the Present,Vice Chair Philip N. Jefferson,2024-10-09,2024\The Fed's Discount Window 1990 to the Present_2024.pdf
https://www.federalreserve.gov/newsevents/speech/files/cook20241010a.pdf,2024,"Entrepreneurs, Innovation, and Participation",Governor Lisa D. Cook,2024-10-10,"2024\Entrepreneurs, Innovation, and Participation_2024.pdf"
https://www.federalreserve.gov/newsevents/speech/files/bowman20241011a.pdf,2024,Challenges to the Community Banking Model,Governor Michelle W. Bowman,2024-10-11,2024\Challenges to the Community Banking Model_2024.pdf
